canonical_smiles,standard_units,standard_value
CC(C)n1nnnc1C(C=C=C[C@@H](O)C[C@@H](O)CC(=O)[O-])=C(c1ccc(F)cc1)c1ccc(F)cc1.[Na+],nM,130000.0
CC[C@H](C)C(=O)O[C@H]1C[C@@H](C)C=C2C=C[C@H](C)[C@H](CC[C@@H](O)C[C@@H](O)CC(=O)[O-])[C@H]21.[Na+],nM,13.0
CC(C)c1c(C(=O)OCc2ccccc2)c(-c2ccccc2)c(-c2ccc(F)cc2)n1CC[C@@H]1C[C@@H](O)CC(=O)O1,nM,40.0
Cc1cc(F)ccc1C(=C(/C=C/[C@@H](O)C[C@@H](O)CC(=O)[O-])c1nnnn1C)c1ccc(F)cc1C.[Na+],nM,29.0
CC(/C=C/[C@@H](O)C[C@@H](O)CC(=O)[O-])=C(c1ccc(F)cc1)c1ccc(F)cc1.[Na+],nM,7900.0
Cn1nnnc1C(/C=C/[C@@H](O)C[C@@H](O)CC(=O)[O-])=C(c1ccc(F)cc1)c1ccc(F)cc1.[Na+],nM,300000.0
Cc1ccc(C(=C(/C=C/[C@@H](O)C[C@@H](O)CC(=O)[O-])c2nnnn2C)c2ccc(C)cc2)cc1.[Na+],nM,1300.0
CC(C)c1c(Br)c(Br)c(-c2ccc(F)cc2)n1CC[C@@H]1C[C@@H](O)CC(=O)O1,nM,28.0
CCOC(=O)c1c(-c2ccccc2)c(-c2ccccc2)n(CC[C@@H]2C[C@@H](O)CC(=O)O2)c1CC,nM,890.0
CC(C)c1nn(Cc2ccccc2)c(-c2ccc(F)cc2)c1CC[C@H]1C[C@H](O)CC(=O)O1,nM,158.0
CC(C)c1c(-c2ccccc2)cc(-c2ccc(F)cc2)n1CC[C@@H]1C[C@@H](O)CC(=O)O1,nM,120.0
CC(C)C(/C=C/[C@@H](O)C[C@@H](O)CC(=O)[O-])=C(c1ccc(F)cc1)c1ccc(F)cc1.[Na+],nM,230.0
CCOC(=O)c1c(-c2ccccc2)c(C(C)C)n(CC[C@@H]2C[C@@H](O)CC(=O)O2)c1-c1ccc(F)cc1,nM,50.0
CC(C)c1cc(-c2ccncc2)c(-c2ccc(F)cc2)n1CC[C@@H]1C[C@@H](O)CC(=O)O1,nM,310.0
Cc1ccc(-n2nc(C(C)C)c(CC[C@H]3C[C@H](O)CC(=O)O3)c2-c2ccc(F)cc2)cc1,nM,40.0
CC(C)c1c(C(=O)Nc2ccccc2)c(-c2ccccc2)c(-c2ccc(F)cc2)n1CC[C@@H]1C[C@@H](O)CC(=O)O1,nM,25.0
CC(C)c1nn(-c2ccc(F)cc2)c(-c2ccc(F)cc2)c1CC[C@H]1C[C@H](O)CC(=O)O1,nM,32.0
CC(C)c1c(Cl)c(Cl)c(-c2ccc(F)cc2)n1CC[C@@H]1C[C@@H](O)CC(=O)O1,nM,28.0
CC(C)c1cc(C(=O)C(F)(F)F)c(-c2ccc(F)cc2)n1CC[C@@H]1C[C@@H](O)CC(=O)O1,nM,800.0
CCC(C)(C)C(=O)O[C@H]1C[C@@H](C)C=C2C=C[C@H](C)[C@H](CC[C@@H](O)C[C@@H](O)CC(=O)[O-])[C@H]21.[Na+],nM,3.0
CC[C@H](C)C(=O)O[C@H]1C[C@H](O)C[C@@H]2C=C[C@H](C)[C@H](CC[C@H](O)C[C@H](O)CC(=O)[O-])[C@@H]12.[Na+],nM,14.0
CCOC(=O)c1c(-c2ccccc2)c(-c2ccccc2)n(CC[C@@H]2C[C@@H](O)CC(=O)O2)c1C,nM,4000.0
Cc1cc(C)c(/C=C/[C@@H](O)C[C@@H](O)CC(=O)[O-])c(-c2ccc(F)c(C)c2)c1.[Na+],nM,52.0
CC(C)c1nn(-c2ccccc2)c(-c2ccc(F)cc2)c1CC[C@H]1C[C@H](O)CC(=O)O1,nM,35.0
CC[C@H](C)C(=O)O[C@H]1C[C@@H](C)C=C2C=C[C@H](C)[C@H](CC[C@@H]3C[C@@H](O)CC(=O)O3)[C@H]21,nM,27.0
N#CC(/C=C/[C@@H](O)C[C@@H](O)CC(=O)[O-])=C(c1ccc(F)cc1)c1ccc(F)cc1.[Na+],nM,8000.0
Cc1cc(C(=C(/C=C/[C@@H](O)C[C@@H](O)CC(=O)[O-])c2nnnn2C)c2ccc(F)c(C)c2)ccc1F.[Na+],nM,160.0
Cc1ccc(C(=C(/C=C/[C@@H](O)C[C@@H](O)CC(=O)[O-])c2nnnn2C)c2ccc(C)cc2C)c(C)c1.[Na+],nM,1600.0
CC(C)c1cc(-c2ccccn2)c(-c2ccc(F)cc2)n1CC[C@@H]1C[C@@H](O)CC(=O)O1,nM,46.0
Cn1nnc(C(/C=C/[C@@H](O)C[C@@H](O)CC(=O)[O-])=C(c2ccc(F)cc2)c2ccc(F)cc2)n1.[Na+],nM,30000.0
Cc1ccc(S(=O)(=O)n2nc(C(C)C)c(CC[C@H]3C[C@H](O)CC(=O)O3)c2-c2ccc(F)cc2)cc1,nM,660.0
Cn1nnnc1C(C=C=C[C@@H](O)C[C@@H](O)CC(=O)[O-])=C(c1ccc(F)cc1)c1ccc(F)cc1.[Na+],nM,5700.0
CC(C)n1nnnc1C(/C=C/[C@@H](O)C[C@@H](O)CC(=O)[O-])=C(c1ccc(F)cc1)c1ccc(F)cc1.[Na+],nM,14000.0
CC(C)(C)n1nnc(C(/C=C/[C@@H](O)C[C@@H](O)CC(=O)[O-])=C(c2ccc(F)cc2)c2ccc(F)cc2)n1.[Na+],nM,3700.0
Cn1nnnc1C(/C=C/[C@@H]1C[C@@H](O)CC(=O)O1)=C(c1ccc(F)cc1)c1ccc(F)cc1,nM,24.0
CC(C)c1nn(-c2ccccc2)c(-c2ccc(F)cc2)c1CCC1CC(=O)CC(=O)O1,nM,10000.0
O=C([O-])C[C@H](O)C[C@H](O)/C=C/C(=C(c1ccc(F)cc1)c1ccc(F)cc1)C1N=NN=N1.[Na+],nM,330.0
CC(C)c1nn(-c2cccc3ccccc23)c(-c2ccc(F)cc2)c1CC[C@H]1C[C@H](O)CC(=O)O1,nM,234.0
CCOC(=O)c1c(-c2ccccc2)c(-c2ccc(F)cc2)n(CC[C@@H]2C[C@@H](O)CC(=O)O2)c1C(C)C,nM,200.0
C=C(c1c(C(C)C)nn(-c2ccccc2)c1-c1ccc(F)cc1)[C@H]1C[C@H](O)CC(=O)O1,nM,17800.0
CO[C@@H]1CC(=O)O[C@@H](CCc2c(C(C)C)nn(-c3ccccc3)c2-c2ccc(F)cc2)C1,nM,3160.0
COc1ccc(C(=C(/C=C/[C@@H](O)C[C@@H](O)CC(=O)[O-])c2nnnn2C)c2ccc(OC)cc2)cc1.[Na+],nM,1400.0
CCn1nnnc1C(/C=C/[C@@H](O)C[C@@H](O)CC(=O)[O-])=C(c1ccc(F)cc1)c1ccc(F)cc1.[Na+],nM,1100.0
CC(C)c1cc(-c2ccccc2)c(-c2ccc(F)cc2)n1CC[C@@H]1C[C@@H](O)CC(=O)O1,nM,347.0
Cn1nnnc1C(/C=C/[C@@H](O)C[C@@H](O)CC(=O)[O-])=C(\c1ccccc1)c1ccc(F)cc1.[Na+],nM,44.0
Cc1ccc(C(=C(/C=C/[C@@H](O)C[C@@H](O)CC(=O)[O-])c2nnnn2C)c2ccc(C)cc2F)c(F)c1.[Na+],nM,580.0
Cn1nnnc1C(/C=C/[C@@H](O)C[C@@H](O)CC(=O)[O-])=C(c1ccccc1)c1ccccc1.[Na+],nM,190.0
CCOC(=O)c1c(C(=O)OCC)c(C(C)C)n(CC[C@@H]2C[C@@H](O)CC(=O)O2)c1-c1ccc(F)cc1,nM,350.0
CC[C@H](C)C(=O)O[C@H]1CCC=C2C=C[C@H](C)[C@H](CC[C@@H]3C[C@@H](O)CC(=O)O3)[C@H]21,nM,30.0
CC(C)c1ccc(-c2ccc(F)cc2)n1CC[C@@H]1C[C@@H](O)CC(=O)O1,nM,230.0
COC(=O)c1c(C(=O)OC)c(C(C)C)n(CC[C@@H]2C[C@@H](O)CC(=O)O2)c1-c1ccc(F)cc1,nM,180.0
Cc1c(C)c(C(C)C)n(CC[C@@H]2C[C@@H](O)CC(=O)O2)c1-c1ccc(F)cc1,nM,140.0
COc1ccc(-n2nc(C(C)C)c(CC[C@H]3C[C@H](O)CC(=O)O3)c2-c2ccc(F)cc2)cc1,nM,39.0
CCOC(=O)c1c(-c2ccccc2)c(-c2ccccc2)n(CC[C@@H]2C[C@@H](O)CC(=O)O2)c1C(C)C,nM,170.0
CCOC(=O)c1c(-c2ccc(C#N)cc2)c(-c2ccc(F)cc2)n(CC[C@@H]2C[C@@H](O)CC(=O)O2)c1C(C)C,nM,280.0
CC(C)c1nn(-c2ccccc2)c(-c2ccc(F)cc2)c1CC[C@@H]1C[C@H](O)CC(=O)O1,nM,700.0
CC(C)n1nnc(C(/C=C/[C@@H](O)C[C@@H](O)CC(=O)[O-])=C(c2ccc(F)cc2)c2ccc(F)cc2)n1.[Na+],nM,300000.0
CCn1nnc(C(/C=C/[C@@H](O)C[C@@H](O)CC(=O)[O-])=C(c2ccc(F)cc2)c2ccc(F)cc2)n1.[Na+],nM,200000.0
CC(C)c1cc(-c2cccnc2)c(-c2ccc(F)cc2)n1CC[C@@H]1C[C@@H](O)CC(=O)O1,nM,71.0
O=C([O-])C[C@H](O)C[C@H](O)/C=C/c1c2c(nn1-c1ccc(F)cc1)C(Cc1ccc(Cl)cc1)CCC2.[Na+],nM,140.0
CCC(C)C1CCCc2c1nn(-c1ccc(F)cc1)c2/C=C/[C@@H](O)C[C@@H](O)CC(=O)[O-].[Na+],nM,3200.0
O=C([O-])C[C@H](O)C[C@H](O)/C=C/c1c2c(nn1-c1ccc(F)cc1)C(Cc1ccc(-c3ccccc3)cc1)CCC2.[Na+],nM,3.0
COC(=O)C[C@H](O)C[C@H](O)/C=C/n1c(C(C)C)cc(-c2ccncc2)c1-c1ccc(F)cc1,nM,5.0
O=C([O-])C[C@H](O)C[C@H](O)/C=C/c1c2c(nn1-c1ccc(F)cc1)-c1ccccc1CC2.[Na+],nM,9400.0
CC(C)(C)c1ccc(CC2CCCc3c2nn(-c2ccc(F)cc2)c3/C=C/[C@@H](O)C[C@@H](O)CC(=O)[O-])cc1.[Na+],nM,14.0
Cc1ccc(CC2CCCc3c2nn(-c2ccc(F)cc2)c3/C=C/[C@@H](O)C[C@@H](O)CC(=O)[O-])cc1.[Na+],nM,28.0
COC(=O)C[C@H](O)C[C@H](O)/C=C/n1c(C(C)C)cc(-c2ccccc2)c1-c1ccc(F)cc1,nM,2.0
COC(=O)C[C@H](O)C[C@H](O)/C=C/n1c(C(C)C)cc(-c2cccc(Cl)c2)c1-c1ccc(F)cc1,nM,2.0
CCCC1CCCc2c1nn(-c1ccc(F)cc1)c2/C=C/[C@@H](O)C[C@@H](O)CC(=O)[O-].[Na+],nM,3400.0
CC[C@H](C)C(=O)O[C@H]1C[C@@H](C)C=C2C=C[C@H](C)[C@H](CC[C@@H]3C[C@@H](O)CC(=O)O3)C21.[NaH],nM,9.2
O=C([O-])C[C@H](O)C[C@H](O)/C=C/c1c2c(nn1-c1ccc(F)cc1)C(C1CCCCC1)CCC2.[Na+],nM,8500.0
O=C([O-])C[C@H](O)C[C@H](O)/C=C/c1c2c(nn1-c1ccc(F)cc1)C(Cc1ccccc1Cl)CCC2.[Na+],nM,95.0
CC[C@H](C)C(=O)O[C@H]1C[C@H](O)C=C2C=C[C@H](C)[C@H](CC[C@@H](O)C[C@@H](O)CC(=O)[O-])[C@H]21.[Na+],nM,4.2
COC(=O)C[C@H](O)C[C@H](O)/C=C/n1c(C(C)C)cc(-c2ccc(F)cc2)c1-c1ccc(F)cc1,nM,2.0
COC(=O)C[C@H](O)C[C@H](O)/C=C/n1c(C(C)C)cc(-c2ccccn2)c1-c1ccc(F)cc1,nM,2.0
COC(=O)C[C@H](O)C[C@H](O)/C=C/n1c(C(C)C)cc(-c2ccc(F)cc2)c1-c1cccc(Br)c1,nM,69.0
O=C([O-])C[C@H](O)C[C@H](O)/C=C/c1c2c(nn1-c1ccc(F)cc1)CCCCC2.[Na+],nM,3600.0
O=C([O-])C[C@H](O)C[C@H](O)/C=C/c1c2c(nn1-c1ccc(F)cc1)C(Cc1ccc3ccccc3c1)CCC2.[Na+],nM,9.0
O=C([O-])C[C@H](O)C[C@H](O)/C=C/c1c2c(nn1-c1ccc(F)cc1)-c1ccccc1CCC2.[Na+],nM,2600.0
O=C([O-])C[C@H](O)C[C@H](O)/C=C/c1c2c(nn1-c1ccc(F)cc1)CCCC2.[Na+],nM,5300.0
COc1ccc(CC2CCCc3c2nn(-c2ccc(F)cc2)c3/C=C/[C@@H](O)C[C@@H](O)CC(=O)[O-])cc1.[Na+],nM,28.0
COC(=O)C[C@H](O)C[C@H](O)CCn1c(C(C)C)cc(-c2ccc(F)cc2)c1-c1ccc(F)cc1,nM,105.0
O=C([O-])C[C@H](O)C[C@H](O)/C=C/c1c2c(nn1-c1ccc(F)cc1)C(Cc1ccc(F)cc1)CCC2.[Na+],nM,200.0
O=C([O-])C[C@H](O)C[C@H](O)/C=C/c1c2c(nn1-c1ccc(F)cc1)C(CCc1ccccc1)CCC2.[Na+],nM,540.0
CC(C)n1c(/C=C/C(O)CC(O)CC(=O)[O-])c(-c2ccc(F)cc2)c2ccccc21.[Na+],nM,2.5
COc1ccc(CC2CCCc3c2nn(-c2ccc(F)cc2)c3/C=C/[C@@H](O)C[C@@H](O)CC(=O)[O-])cc1OC.[Na+],nM,320.0
COC(=O)C[C@H](O)C[C@H](O)/C=C/n1c(C(C)C)cc(-c2ccc(F)cc2)c1-c1cccc(Cl)c1,nM,71.0
CCC1CCCc2c1nn(-c1ccc(F)cc1)c2/C=C/[C@@H](O)C[C@@H](O)CC(=O)[O-].[Na+],nM,2000.0
O=C([O-])C[C@H](O)C[C@H](O)/C=C/c1c2c(nn1-c1ccc(F)cc1)C(Cc1cccc3ccccc13)CCC2.[Na+],nM,28.0
CC(C)c1ccc(CC2CCCc3c2nn(-c2ccc(F)cc2)c3/C=C/[C@@H](O)C[C@@H](O)CC(=O)[O-])cc1.[Na+],nM,40.0
COc1cccc(CC2CCCc3c2nn(-c2ccc(F)cc2)c3/C=C/[C@@H](O)C[C@@H](O)CC(=O)[O-])c1.[Na+],nM,35.0
O=C([O-])C[C@H](O)C[C@H](O)/C=C/c1c2c(nn1-c1ccc(F)cc1)C(C/C=C/c1ccccc1)CCC2.[Na+],nM,82.0
O=C([O-])C[C@H](O)C[C@H](O)/C=C/c1c2c(nn1-c1ccc(F)cc1)CCC2.[Na+],nM,11000.0
COC(=O)C[C@H](O)C[C@H](O)/C=C/n1c(C(C)C)cc(-c2cccc(Br)c2)c1-c1ccc(F)cc1,nM,0.5
COC(=O)C[C@H](O)C[C@H](O)/C=C/n1c(-c2ccc(F)cc2)c(-c2ccc(F)cc2)c(Br)c1C(C)C,nM,0.3
CC1CCCc2c1nn(-c1ccc(F)cc1)c2/C=C/[C@@H](O)C[C@@H](O)CC(=O)[O-].[Na+],nM,2100.0
O=C([O-])C[C@H](O)C[C@H](O)/C=C/c1c2c(nn1-c1ccc(F)cc1)C(Cc1ccccc1)CCC2.[Na+],nM,68.0
COC(=O)C[C@H](O)C[C@H](O)/C=C/n1c(C(C)C)cc(-c2ccc(F)cc2)c1-c1ccccc1,nM,25.0
O=C([O-])C[C@H](O)C[C@H](O)/C=C/c1c2c(nn1-c1ccc(F)cc1)C(c1ccccc1)CCC2.[Na+],nM,2800.0
O=C([O-])C[C@H](O)C[C@H](O)/C=C/c1c2c(nn1-c1ccc(F)cc1)C(CCCc1ccccc1)CCC2.[Na+],nM,160.0
O=C([O-])C[C@H](O)C[C@H](O)CCn1c(C(F)(F)F)nc(-c2ccc(F)cc2)c1-c1cccc(Cl)c1.[Na+],nM,41.0
CN(C)c1nc(-c2ccc(F)cc2)c(-c2ccc(F)cc2)n1/C=C/[C@@H](O)C[C@@H](O)CC(=O)[O-].[Na+],nM,9.0
CC(C)c1nc(-c2ccc(F)cc2)c(-c2cccc(Cl)c2)n1/C=C/[C@@H](O)C[C@@H](O)CC(=O)[O-].[Na+],nM,8.0
Cc1cc(C)cc(-c2c(-c3ccc(F)cc3)nc(C(C)C)n2/C=C/[C@@H](O)C[C@@H](O)CC(=O)[O-])c1.[Na+],nM,56.0
CC(C)c1nc(-c2cccnc2)c(-c2ccc(F)cc2)n1/C=C/[C@@H](O)C[C@@H](O)CC(=O)[O-].[Na+],nM,1.0
CC(C)c1nc(-c2cccc(S(C)(=O)=O)c2)c(-c2ccc(F)cc2)n1/C=C/[C@@H](O)C[C@@H](O)CC(=O)[O-].[Na+],nM,2.0
CC(C)c1nc(-c2ccc(F)cc2)c(-c2ccc(F)cc2)n1/C=C/[C@H](O)C[C@H](O)CC(=O)O,nM,700.0
Cn1nnnc1C(=C\c1ccc(F)cc1)/C=C/C(O)CC(O)CC(=O)[O-].[Na+],nM,210000.0
Cn1nnnc1C(/C=C/C(O)CC(O)CC(=O)[O-])=C(c1ccc(F)cc1)c1ccc(F)cc1.[Na+],nM,43.0
O=C([O-])CC(O)CC(O)/C=C/c1c(-c2ccc(F)cc2)c2ccccc2n2nnnc12.[Na+],nM,4600.0
O=C([O-])C[C@H](O)C[C@H](O)CCn1c(C(F)(F)F)nc(-c2ccccc2)c1-c1ccc(F)cc1.[Na+],nM,31.0
Cc1cccc(-c2c(-c3ccc(F)cc3)nc(C(F)(F)F)n2CC[C@@H](O)C[C@@H](O)CC(=O)[O-])c1.[Na+],nM,74.0
Cc1nc(-c2ccc(F)cc2)c(-c2ccc(F)cc2)n1/C=C/[C@@H](O)C[C@@H](O)CC(=O)[O-].[Na+],nM,100.0
CNc1cccc(-c2nc(C(C)C)n(/C=C/[C@@H](O)C[C@@H](O)CC(=O)[O-])c2-c2ccc(F)cc2)c1.[Na+],nM,3.0
COc1cccc(-c2c(-c3ccc(F)cc3)nc(C(F)(F)F)n2CC[C@@H](O)C[C@@H](O)CC(=O)[O-])c1.[Na+],nM,135.0
COc1ccc(-c2nc(C(F)(F)F)n(CC[C@@H](O)C[C@@H](O)CC(=O)[O-])c2-c2ccc(F)cc2)cc1.[Na+],nM,68.0
Cc1cccc(-c2nc(C(F)(F)F)n(CC[C@@H](O)C[C@@H](O)CC(=O)[O-])c2-c2ccc(F)cc2)c1.[Na+],nM,29.0
COc1cccc(-c2nc(C(F)(F)F)n(CC[C@@H](O)C[C@@H](O)CC(=O)[O-])c2-c2ccc(F)cc2)c1.[Na+],nM,20.0
Cc1cc(C)cc(-c2nc(C(F)(F)F)n(CC[C@@H](O)C[C@@H](O)CC(=O)[O-])c2-c2ccc(F)cc2)c1.[Na+],nM,24.0
O=C([O-])C[C@H](O)C[C@H](O)CCn1c(C(F)(F)F)nc(-c2cccc(Cl)c2)c1-c1ccc(F)cc1.[Na+],nM,17.0
Cc1cc(-c2nc(C(F)(F)F)n(CC[C@@H](O)C[C@@H](O)CC(=O)[O-])c2-c2ccc(F)cc2)cc(C)c1F.[Na+],nM,32.0
O=C([O-])C[C@H](O)C[C@H](O)CCn1c(C(F)(F)F)nc(-c2ccc(F)cc2)c1-c1ccc(C(F)(F)F)cc1.[Na+],nM,1000.0
Cc1cc(C)cc(-c2c(-c3ccc(F)cc3)nc(C(F)(F)F)n2CC[C@@H](O)C[C@@H](O)CC(=O)[O-])c1.[Na+],nM,38.0
O=C([O-])C[C@H](O)C[C@H](O)CCn1c(C(F)(F)F)nc(-c2ccc(C(F)(F)F)cc2)c1-c1ccc(F)cc1.[Na+],nM,200.0
O=C([O-])C[C@H](O)C[C@H](O)CCn1c(C(F)(F)F)nc(-c2ccc(F)cc2)c1-c1ccccc1.[Na+],nM,201.0
Cc1cc(-c2c(-c3ccc(F)cc3)nc(C(F)(F)F)n2CC[C@@H](O)C[C@@H](O)CC(=O)[O-])cc(C)c1F.[Na+],nM,31.0
O=C([O-])C[C@H](O)C[C@H](O)CCn1c(C(F)(F)F)nc(-c2ccc(F)cc2)c1-c1cccnc1.[Na+],nM,1000.0
CCc1cc(-c2c(-c3ccc(F)cc3)nc(C(C)C)n2/C=C/[C@@H](O)C[C@@H](O)CC(=O)[O-])cc(CC)c1F.[Na+],nM,100.0
Cn1nnnc1C(/C=C/C(O)CC(O)CC(=O)[O-])=C/c1ccc(F)cc1.[Na+],nM,250000.0
CC(C)c1nc(-c2ccc(F)cc2)c(-c2cc(Cl)cc(Cl)c2)n1/C=C/[C@@H](O)C[C@@H](O)CC(=O)[O-].[Na+],nM,22.0
Cn1nnnc1C(/C=C/C(O)CC(O)CC(=O)[O-])=C1c2ccc(F)cc2-c2cc(F)ccc21.[Na+],nM,4100.0
COc1ccc(-c2c(-c3ccc(F)cc3)nc(C(F)(F)F)n2CC[C@@H](O)C[C@@H](O)CC(=O)[O-])cc1.[Na+],nM,418.0
CC(C)(C)c1nc(-c2ccc(F)cc2)c(-c2ccc(F)cc2)n1/C=C/[C@@H](O)C[C@@H](O)CC(=O)[O-].[Na+],nM,7.0
CC(C)c1nc(-c2ccc(F)cc2)c(-c2ccc(F)cc2)n1CC[C@@H](O)C[C@@H](O)CC(=O)[O-].[Na+],nM,316.0
O=C([O-])C[C@H](O)C[C@H](O)CCn1c(C(F)(F)F)nc(-c2cccnc2)c1-c1ccc(F)cc1.[Na+],nM,66.0
Cc1cc(F)ccc1-c1c(-c2ccc(F)cc2)nc(C(C)C)n1/C=C/[C@@H](O)C[C@@H](O)CC(=O)[O-].[Na+],nM,4.0
CC(C)c1c(-c2ccc(F)cc2)nc(-c2ccc(F)cc2)n1/C=C/[C@@H](O)C[C@@H](O)CC(=O)[O-].[Na+],nM,1.0
CC(C)c1nc(-c2ccc(F)cc2)c(-c2ccc(F)cc2)n1/C=C/[C@H](O)C[C@@H](O)CC(=O)O,nM,2000.0
O=C([O-])C[C@H](O)C[C@H](O)CCn1c(C(F)(F)F)nc(-c2cccs2)c1-c1ccc(F)cc1.[Na+],nM,64.0
CC[C@H](C)C(=O)O[C@H]1C[C@H](O)C=C2C=C[C@H](C)[C@H](CCC(O)C[C@H](O)CC(=O)[O-])[C@]21C.[Na+],nM,5.0
Cc1ccc(-c2c(-c3ccc(F)cc3)nc(C(F)(F)F)n2CC[C@@H](O)C[C@@H](O)CC(=O)[O-])cc1.[Na+],nM,750.0
CC[C@H](C)C(=O)O[C@H]1C[C@@H](C)C=C2C=C[C@H](C)[C@H](CC[C@@H]3C[C@@H](O)CC(=O)O3)[C@]21C,nM,3.0
Cc1cc(-c2nc(C(C)C)n(/C=C/[C@@H](O)C[C@@H](O)CC(=O)[O-])c2-c2ccc(F)cc2)cc(C)c1Cl.[Na+],nM,2.0
CC(C)c1nc(-c2ccc(F)cc2)c(-c2ccc(F)cc2)n1/C=C/[C@@H](O)C[C@@H](O)CC(=O)O,nM,1.0
O=C([O-])C[C@H](O)C[C@H](O)/C=C/n1c(C(F)(F)F)nc(-c2ccc(F)cc2)c1-c1ccc(F)cc1.[Na+],nM,13.0
Cc1cc(-c2c(-c3ccc(F)cc3)nc(C(C)C)n2/C=C/[C@@H](O)C[C@@H](O)CC(=O)[O-])cc(C)c1F.[Na+],nM,30.0
Cn1nnnc1C(CCC(O)CC(O)CC(=O)[O-])Cc1ccc(F)cc1.[Na+],nM,250000.0
O=C([O-])C[C@H](O)C[C@H](O)CCn1c(C(F)(F)F)nc(-c2ccc(F)cc2)c1-c1cccs1.[Na+],nM,215.0
O=C([O-])C[C@H](O)C[C@H](O)CCn1c(C(F)(F)F)nc(-c2ccc(F)cc2)c1-c1ccc(F)cc1.[Na+],nM,38.0
CC(C)c1nc(-c2ccc(F)cc2)c(-c2ccc(F)cc2)n1/C=C/[C@@H](O)C[C@@H](O)CC(=O)[O-].[Na+],nM,2.0
Cc1ccc(-c2nc(C(F)(F)F)n(CC[C@@H](O)C[C@@H](O)CC(=O)[O-])c2-c2ccc(F)cc2)cc1.[Na+],nM,43.0
CC(C)c1nc(-c2ccccc2)n(-c2ccc(F)cc2)c1/C=C/[C@@H](O)C[C@@H](O)CC(=O)[O-].[Na+],nM,2.6
O=C([O-])C[C@H](O)C[C@H](O)/C=C/C(=C(c1ccc(F)cc1)c1ccc(F)cc1)n1cnnn1.[Na+],nM,20.0
Cc1nnnn1C(/C=C/[C@@H](O)C[C@@H](O)CC(=O)[O-])=C(c1ccc(F)cc1)c1ccc(F)cc1.[Na+],nM,100.0
CCCCCOc1c(Cl)cc(Cl)cc1/C=C/[C@@H]1C[C@@H](O)CC(=O)O1,nM,13000.0
O=C1C[C@H](O)C[C@@H](CCc2c(Cl)cc(Cl)cc2OCc2ccccc2)O1,nM,5200.0
Cc1ccc(-c2ccc(F)cc2)n1CC[C@@H]1C[C@@H](O)CC(=O)O1,nM,510.0
Cc1cc(OCc2ccccc2)cc(C)c1/C=C/[C@@H]1C[C@@H](O)CC(=O)O1,nM,620.0
O=C1C[C@H](O)C[C@@H](CCc2c(Cl)cc(Cl)cc2COc2ccccc2)O1,nM,390.0
O=C1C[C@H](O)C[C@@H](/C=C/c2c(Cl)cc(Cl)cc2OCc2c(F)c(F)c(F)c(F)c2F)O1,nM,700.0
Cc1ccc(-c2ccc(O)cc2)n1CC[C@@H]1C[C@@H](O)CC(=O)O1,nM,2600.0
Cc1ccc(-c2cccc3ccccc23)n1CC[C@@H]1C[C@@H](O)CC(=O)O1,nM,1800.0
O=C1C[C@H](O)C[C@@H](CCn2c(-c3ccc(F)cc3)ccc2C2CCCCC2)O1,nM,100000.0
O=C1C[C@H](O)CC(CCc2c(Cl)cc(Cl)cc2Oc2ccccc2)O1,nM,330.0
O=C1C[C@H](O)C[C@@H](/C=C/c2c(Cl)cc(Cl)cc2OCc2cc[n+]([O-])cc2)O1,nM,117000.0
O=C1C[C@H](O)CC(CCc2c(Cl)cc(Cl)cc2OCc2ccc(C(F)(F)F)cc2)O1,nM,13000.0
O=C1C[C@H](O)C[C@@H](/C=C/c2ccccc2)O1,nM,284000.0
O=C1C[C@H](O)C[C@@H](/C=C/c2c(Cl)cc(Cl)cc2OCc2cccnc2)O1,nM,3400.0
O=C1C[C@H](O)C[C@@H](CCc2c(Cl)cc(Cl)cc2OCc2ccc(F)cc2)O1,nM,76.0
Cc1ccc(-c2cccc(O)c2)n1CC[C@@H]1C[C@@H](O)CC(=O)O1,nM,1900.0
O=C1C[C@H](O)C[C@@H](/C=C/c2c(Cl)cc(Cl)cc2OCCc2ccccc2)O1,nM,480.0
Cc1ccc(C2CC3CCC2CC3)n1CC[C@@H]1C[C@@H](O)CC(=O)O1,nM,2300.0
CC(C)(C)c1ccc(-c2ccc(F)cc2)n1CC[C@@H]1C[C@@H](O)CC(=O)O1,nM,1600.0
O=C1C[C@H](O)C[C@@H](/C=C/c2cccc(Cl)c2Cl)O1,nM,64400.0
O=C1C[C@H](O)C[C@@H](CCCc2c(Cl)cc(Cl)cc2COc2ccc(F)cc2)O1,nM,170.0
O=C1C[C@H](O)C[C@@H](/C=C/c2c(Cl)cc(Cl)cc2OC/C=C/c2ccccc2)O1,nM,1900.0
O=C1C[C@H](O)C[C@@H](CCn2c(-c3ccc(F)cc3)ccc2C2CC2)O1,nM,2200.0
O=C1C[C@H](O)C[C@@H](/C=C/c2c(Cl)cc(Cl)cc2OCc2ccncc2)O1,nM,3700.0
Cc1ccc(-c2ccccc2)n1CC[C@@H]1C[C@@H](O)CC(=O)O1,nM,1400.0
C=CCOc1cc(Cl)cc(Cl)c1/C=C/[C@@H]1C[C@@H](O)CC(=O)O1,nM,760.0
Cc1ccc(-c2ccc3ccccc3c2)n1CC[C@@H]1C[C@@H](O)CC(=O)O1,nM,16000.0
Cc1ccc(-c2ccccc2O)n1CC[C@@H]1C[C@@H](O)CC(=O)O1,nM,2500.0
CC(C)c1ccc(-c2cccc(F)c2)n1CC[C@@H]1C[C@@H](O)CC(=O)O1,nM,1300.0
O=C1C[C@H](O)C[C@@H](/C=C/c2ccc(-c3ccccc3)cc2)O1,nM,55000.0
O=C1C[C@H](O)CC(CCc2c(Cl)cc(Cl)cc2OCC2CCCCC2)O1,nM,750.0
O=C1C[C@H](O)C[C@@H](/C=C/c2c(Cl)cc(Cl)cc2OCc2cccs2)O1,nM,600.0
O=C1C[C@H](O)C[C@@H](/C=C/c2c(Cl)cc(Cl)cc2OCCOc2ccc(Cl)cc2)O1,nM,1000.0
O=C1C[C@H](O)C[C@@H](/C=C/c2c(Cl)cc(Cl)cc2OCc2cccc3ccccc23)O1,nM,4400.0
O=C1C[C@H](O)C[C@@H](/C=C/c2c(Cl)cc(Cl)cc2OCc2ccccn2)O1,nM,1200.0
O=C1C[C@H](O)C[C@@H](/C=C/c2ccccc2Cl)O1,nM,7400.0
O=C1C[C@H](O)C[C@@H](/C=C/c2c(Cl)cc(OCc3ccc(F)cc3)cc2Cl)O1,nM,670.0
Cc1ccc(-c2cccc(C(F)(F)F)c2)n1CC[C@@H]1C[C@@H](O)CC(=O)O1,nM,1500.0
COc1cccc(-c2ccc(C)n2CC[C@@H]2C[C@@H](O)CC(=O)O2)c1,nM,2500.0
Cc1ccc(-c2ccc(F)cc2)n1CCC[C@@H]1C[C@@H](O)CC(=O)O1,nM,53000.0
O=C1C[C@H](O)C[C@@H](/C=C/c2c(Cl)cc(Cl)cc2OCc2ccc[n+]([O-])c2)O1,nM,122000.0
O=C1C[C@H](O)C[C@@H](/C=C/c2c(Cl)cc(Cl)cc2OCc2ccc(F)cc2)O1,nM,200.0
O=C1C[C@H](O)C[C@@H](/C=C/c2c(Cl)cc(Cl)cc2OCc2ccc(F)cc2F)O1,nM,200.0
O=C1C[C@H](O)C[C@@H](/C=C/c2ccc(Cl)cc2Cl)O1,nM,22000.0
COc1ccc(-c2ccc(C)n2CC[C@@H]2C[C@@H](O)CC(=O)O2)cc1,nM,12000.0
O=C1C[C@H](O)C[C@@H](/C=C/c2c(Cl)cc(Cl)cc2OCCC23CC4CC(CC(C4)C2)C3)O1,nM,3000.0
CCC(CC)c1ccc(C(CC)CC)n1CC[C@@H]1C[C@@H](O)CC(=O)O1,nM,100000.0
N#Cc1ccc(COc2cc(Cl)cc(Cl)c2/C=C/[C@@H]2C[C@@H](O)CC(=O)O2)cc1,nM,2000.0
CCCCCOc1cc(Cl)cc(Cl)c1/C=C/[C@@H]1C[C@@H](O)CC(=O)O1,nM,1000.0
Cc1ccc(-c2ccc(Cl)cc2)n1CC[C@@H]1C[C@@H](O)CC(=O)O1,nM,10000.0
Cc1ccc(C2CCCCC2)n1CC[C@@H]1C[C@@H](O)CC(=O)O1,nM,690.0
CCC(CC)c1ccc(-c2ccc(F)cc2)n1CC[C@@H]1C[C@@H](O)CC(=O)O1,nM,20000.0
O=C1C[C@H](O)C[C@@H](/C=C/c2c(Cl)cc(Cl)cc2OCc2cccc(F)c2)O1,nM,580.0
Cc1ccc(-c2ccc(F)cc2)n1-c1ccc([C@@H]2C[C@@H](O)CC(=O)O2)cc1,nM,20000.0
O=C1C[C@H](O)C[C@@H](/C=C/c2c(Cl)cc(Cl)cc2Oc2ccccc2)O1,nM,1100.0
O=C1C[C@H](O)C[C@@H](/C=C/c2c(Cl)cc(Cl)cc2OCc2ccc(Cl)cc2)O1,nM,2500.0
COc1ccc(COc2cc(Cl)cc(Cl)c2/C=C/[C@@H]2C[C@@H](O)CC(=O)O2)cc1,nM,2600.0
Cc1ccc(C(c2ccccc2)c2ccccc2)n1CC[C@@H]1C[C@@H](O)CC(=O)O1,nM,13000.0
CC(C)Oc1ccccc1-c1ccc(C(C)C)n1CC[C@@H]1C[C@@H](O)CC(=O)O1,nM,3200.0
Cc1ccc(-c2ccc(F)cc2)n1-c1cccc([C@@H]2C[C@@H](O)CC(=O)O2)c1,nM,24000.0
Cc1ccc(C2CC3C=CC2CC3)n1CC[C@@H]1C[C@@H](O)CC(=O)O1,nM,1300.0
Cc1ccc(-c2ccc(-c3ccccc3)cc2)n1CC[C@@H]1C[C@@H](O)CC(=O)O1,nM,23000.0
O=C1C[C@H](O)C[C@@H](/C=C/c2c(Cl)cc(OCc3ccccc3)cc2Cl)O1,nM,450.0
CC(C)c1ccc(-c2ccc(F)cc2)n1CC(C)[C@@H]1C[C@@H](O)CC(=O)O1,nM,5000.0
COc1ccccc1-c1ccc(C)n1CC[C@@H]1C[C@@H](O)CC(=O)O1,nM,2100.0
CC(C)c1ccc(-c2ccccc2F)n1CC[C@@H]1C[C@@H](O)CC(=O)O1,nM,3200.0
O=C1C[C@H](O)C[C@@H](/C=C/c2ccc(Cl)c(Cl)c2)O1,nM,35000.0
CSCOc1cc(Cl)cc(Cl)c1/C=C/[C@@H]1C[C@@H](O)CC(=O)O1,nM,760.0
Cc1ccc(COc2cc(Cl)cc(Cl)c2/C=C/[C@@H]2C[C@@H](O)CC(=O)O2)cc1,nM,4900.0
O=C1C[C@H](O)CC(CCc2c(Cl)cc(Cl)cc2OCc2cccc(F)c2)O1,nM,210.0
COc1ccc2ccccc2c1-c1ccc(C(C)C)n1CC[C@@H]1C[C@@H](O)CC(=O)O1,nM,9600.0
Cc1cc(C)c(/C=C/[C@@H]2C[C@@H](O)CC(=O)O2)c(-c2ccc(F)c(C)c2)c1,nM,10.0
O=C1C[C@H](O)C[C@@H](/C=C/c2ccc(OCc3ccc(F)cc3)c(Cl)c2Cl)O1,nM,17000.0
Cc1ccc(/C=C/[C@@H]2C[C@@H](O)CC(=O)O2)c(C)c1,nM,29900.0
COCCOCOc1cc(Cl)cc(Cl)c1/C=C/[C@@H]1C[C@@H](O)CC(=O)O1,nM,11000.0
O=C1C[C@H](O)CC(CCc2c(O)cc(Cl)cc2Cl)O1,nM,7900.0
Cc1ccc(-c2ccc(F)cc2)n1-c1ccccc1[C@@H]1C[C@@H](O)CC(=O)O1,nM,100000.0
O=C1C[C@H](O)C[C@@H](CCn2c(-c3ccc(F)cc3)ccc2C2CCC2)O1,nM,17000.0
O=C1C[C@H](O)C[C@@H](/C=C/c2c(Cl)cccc2Cl)O1,nM,7900.0
CC(C)c1ccc(-c2ccccc2Cl)n1CC[C@@H]1C[C@@H](O)CC(=O)O1,nM,3200.0
CC(CCOc1cc(Cl)cc(Cl)c1/C=C/[C@@H]1C[C@@H](O)CC(=O)O1)CC(C)(C)C,nM,38000.0
O=C1C[C@H](O)C[C@@H](/C=C/c2c(Cl)cc(Cl)cc2OCCCc2ccccc2)O1,nM,1450.0
Cc1ccc(C)c(-c2ccc(C(C)C)n2CC[C@@H]2C[C@@H](O)CC(=O)O2)c1,nM,12000.0
O=C1C[C@H](O)CC(CCc2c(Cl)cc(Cl)cc2OCc2ccccc2F)O1,nM,150.0
CC(C)c1ccc(-c2ccc(F)cc2F)n1CC[C@@H]1C[C@@H](O)CC(=O)O1,nM,1600.0
O=C1C[C@H](O)C[C@@H](/C=C/c2c(Cl)cc(Cl)cc2OC(c2ccccc2)c2ccccc2)O1,nM,6300.0
COc1ccccc1-c1ccc(C(C)C)n1CC[C@@H]1C[C@@H](O)CC(=O)O1,nM,2200.0
COc1cccc(OC)c1-c1ccc(C(C)C)n1CC[C@@H]1C[C@@H](O)CC(=O)O1,nM,19000.0
O=C1C[C@H](O)C[C@@H](/C=C/c2ccccc2-c2ccccc2)O1,nM,3000.0
O=C1C[C@H](O)C[C@@H](/C=C/c2c(Cl)cc(Cl)cc2OCc2ccccc2)O1,nM,430.0
O=C1C[C@H](O)C[C@@H](/C=C/c2c(Cl)cc(Cl)cc2OCc2ccco2)O1,nM,600.0
O=C1C[C@H](O)C[C@@H](/C=C/c2c(Cl)cc(Cl)cc2OCc2ccccc2F)O1,nM,510.0
Cc1ccc(C2CC3C=CC2C3)n1CC[C@@H]1C[C@@H](O)CC(=O)O1,nM,1400.0
O=C1C[C@H](O)C[C@@H](CCn2c(-c3ccc(F)cc3)ccc2C(F)(F)F)O1,nM,250.0
CC(C)c1nc2ccc(Cl)cc2c(-c2ccc(F)cc2)c1/C=C/[C@@H](O)C[C@@H](O)CC(=O)[O-].[Na+],nM,480.0
CC(C)c1nn(-c2ccccn2)c(-c2ccc(F)cc2)c1/C=C/[C@@H](O)C[C@@H](O)CC(=O)[O-].[Na+],nM,10.0
CC(C)c1nn(-c2cnccn2)c(-c2ccc(F)cc2)c1/C=C/[C@@H](O)C[C@@H](O)CC(=O)[O-].[Na+],nM,6.6
Cc1cc(-c2ccc(F)cc2)c(/C=C/[C@@H](O)C[C@@H](O)CC(=O)[O-])c(C(C)C)n1.[Na+],nM,7.7
CC[C@H](C)C(=O)OCc1ccccc1CCC(=O)C[C@@H](O)CC(=O)O,nM,320000.0
Cc1cc(-c2ccc(F)cc2)c(/C=C/[C@@H](O)C[C@@H](O)CC(=O)[O-])c(C(C)C)[n+]1[O-].[Na+],nM,9.4
CC[C@H](C)C(=O)O[C@H]1CCC=C2C=C[C@H](C)[C@H](CCC(O)C[C@@H](O)CC(=O)O)C21,nM,13.0
CC[C@H](C)C(=O)O[C@H]1C[C@@H](C)C[C@@H]2C=C[C@H](C)[C@H](CCC(O)C[C@@H](O)CC(=O)O)C12,nM,1.6
CC[C@H](C)C(=O)O[C@H]1C[C@H](C)C=C2C=C[C@H](C)[C@H](CC[C@@H]3C[C@@H](O)CC(=O)O3)[C@H]21,nM,13.0
CC[C@H](C)C(=O)O[C@H]1C[C@@H](C)C[C@@H]2C=C[C@H](C)[C@H](CCC(=O)C[C@@H](O)CC(=O)O)C12,nM,1.0
CC(C)c1c(Br)c(Br)c(-c2ccc(F)cc2)n1CC[C@@H](O)C[C@@H](O)CC(=O)[O-].[Na+],nM,26.0
O=C(O)CC(O)CC(O)CCc1ccccc1,nM,600000.0
CC(C)c1nn(-c2ccccc2)c(-c2ccc(F)cc2)c1/C=C/[C@@H](O)C[C@@H](O)CC(=O)[O-].[Na+],nM,7.2
CC[C@H](C)C(=O)O[C@H]1CCC=C2C=C[C@H](C)[C@H](CCC(=O)C[C@@H](O)CC(=O)O)C21,nM,32.0
Cc1cc(C)c(OC[C@@H](O)C[C@@H](O)CC(=O)[O-])c(C2CCCCCC2)c1.[Na+],nM,141.0
CC(C)c1nc(-c2ccccc2)cc(-c2ccc(F)cc2)c1/C=C/[C@@H](O)C[C@@H](O)CC(=O)[O-].[Na+],nM,2.0
CC(C)c1c(C(=O)Nc2ccccc2)c(-c2ccccc2)c(-c2ccc(F)cc2)n1CC[C@@H](O)C[C@@H](O)CC(=O)[O-].[Na+],nM,7.5
O=C(O)C[C@H](O)CC(=O)CCc1ccccc1,nM,1.3
Cc1ccc(-c2ccc(C(C)C)c(OC[C@@H](O)C[C@@H](O)CC(=O)[O-])c2-c2ccc(F)cc2)cc1.[Na+],nM,100.0
CC(C)c1c(/C=C/[C@@H](O)C[C@@H](O)CC(=O)[O-])c(-c2ccc(F)cc2)cn1-c1ccccc1.[Na+],nM,7.0
CC(C)c1c(CC[C@@H](O)C[C@@H](O)CC(=O)[O-])c(-c2ccc(F)cc2)cn1C(C)C.[Na+],nM,18.0
CC(C)c1c(CC[C@@H](O)C[C@@H](O)CC(=O)[O-])c(-c2ccc(F)cc2)cn1C1CCCCC1.[Na+],nM,9.0
Cc1c(/C=C/[C@@H](O)C[C@@H](O)CC(=O)[O-])c(-c2ccc(F)cc2)cn1C(C)C.[Na+],nM,330.0
CC(C)c1c(CC[C@@H](O)C[C@@H](O)CC(=O)[O-])c(-c2ccc(F)cc2)cn1-c1ccccc1.[Na+],nM,3.0
Cc1c(/C=C/[C@@H](O)C[C@@H](O)CC(=O)[O-])c(-c2ccc(F)cc2)c(C)n1-c1ccccc1.[Na+],nM,250.0
Cc1c(-c2ccc(F)cc2)c(/C=C/[C@@H](O)C[C@@H](O)CC(=O)[O-])c(C(C)C)n1-c1ccccc1.[Na+],nM,6.0
Cc1c(/C=C/[C@H](O)C[C@@H](O)CC(=O)[O-])c(-c2ccc(F)cc2)cn1-c1ccccc1.[Na+],nM,65.0
Cc1c(CC[C@@H](O)C[C@@H](O)CC(=O)[O-])c(-c2ccc(F)cc2)cn1C(C)C.[Na+],nM,100.0
CC(C)c1c(/C=C/[C@H](O)C[C@@H](O)CC(=O)[O-])c(-c2ccc(F)cc2)cn1C1CCCCC1.[Na+],nM,69.0
Cc1c(-c2ccc(F)cc2)c(CC[C@@H](O)C[C@@H](O)CC(=O)[O-])c(C(C)C)n1-c1ccccc1.[Na+],nM,5.0
CC(C)c1c(/C=C/[C@@H](O)C[C@@H](O)CC(=O)[O-])c(-c2ccc(F)cc2)cn1C(C)C.[Na+],nM,117.0
Cc1c(CC[C@@H](O)C[C@@H](O)CC(=O)[O-])c(-c2ccc(F)cc2)c(C)n1-c1ccccc1.[Na+],nM,70.0
CC(C)c1c(CCC(O)CC(O)CC(=O)[O-])c(-c2ccc(F)cc2)cn1-c1ccccc1.[Na+],nM,6.0
C/C=C\[C@@H]1C[C@H](OC(=O)C(C)(C)CCC)[C@@H]2[C@@H](CC[C@@H]3C[C@@H](O)CC(=O)O3)[C@@H](C)C=C[C@H]2C1,nM,15.0
CC/C=C/[C@@H]1C[C@H](OC(=O)C(C)(C)CC)[C@@H]2[C@@H](CC[C@@H]3C[C@@H](O)CC(=O)O3)[C@@H](C)C=C[C@H]2C1,nM,15.0
C[C@]1(O)CC(=O)O[C@H](/C=C/c2ccc(Cl)cc2Cl)C1,nM,20000.0
O=C1C[C@H](O)CC(CCc2cccc3ccccc23)O1,nM,129000.0
C/C=C/[C@@H]1C[C@H](OC(=O)C(C)(C)CC)[C@@H]2[C@@H](CC[C@@H]3C[C@@H](O)CC(=O)O3)[C@@H](C)C=C[C@H]2C1,nM,3.0
CCC/C(C)=C/[C@@H]1C[C@H](OC(=O)[C@@H](C)CC)[C@@H]2[C@@H](CC[C@@H]3C[C@@H](O)CC(=O)O3)[C@@H](C)C=C[C@H]2C1,nM,20.0
O=C1C[C@H](O)C[C@@H](C=C2c3ccccc3-c3ccccc32)O1,nM,890.0
CC[C@H](C)C(=O)O[C@H]1C[C@@H](/C=C/Cc2ccccc2)C[C@@H]2C=C[C@H](C)[C@H](CC[C@@H]3C[C@@H](O)CC(=O)O3)[C@@H]12,nM,7.0
C/C=C/[C@@H]1C[C@H](OC(=O)C(C)(C)CC)[C@@H]2[C@@H](/C=C/[C@@H]3C[C@@H](O)CC(=O)O3)[C@@H](C)C=C[C@H]2C1,nM,100.0
CCC(C)(C)C(=O)O[C@H]1C[C@@H](/C=C/C(C)C)C[C@@H]2C=C[C@H](C)[C@H](CC[C@@H]3C[C@@H](O)CC(=O)O3)[C@@H]12,nM,1200.0
O=C1C[C@H](O)C[C@@H](CCc2ccc(Cl)cc2Cl)O1,nM,15200.0
O=C1C[C@H](O)C[C@@H](C=C2c3ccccc3C=Cc3ccccc32)O1,nM,1600.0
CCC(C)C(=O)O[C@H]1C[C@@H](C)C[C@@H]2C=CC[C@H](CC[C@@H]3C[C@@H](O)CC(=O)O3)[C@@H]12,nM,1500.0
O=C1C[C@H](O)CC(CC[C@@H]2CC[C@H]3CCCC[C@@H]3C2)O1,nM,90000.0
CC[C@H](C)C(=O)O[C@H]1C[C@@H](C)C[C@@H]2C=C[C@H](C)[C@H](CC[C@@H]3C[C@@H](O)CC(=O)O3)[C@@H]12,nM,30.0
CCC/C(C)=C/[C@@H]1C[C@H](OC(=O)C(C)(C)CC)[C@@H]2[C@@H](CC[C@@H]3C[C@@H](O)CC(=O)O3)[C@@H](C)C=C[C@H]2C1,nM,8.0
C[C@]1(O)CC(=O)O[C@H](CCc2ccc(Cl)cc2Cl)C1,nM,19800.0
O=C1C[C@H](O)C[C@@H](/C=C/c2cccc3ccc4ccccc4c23)O1,nM,1900.0
CCC(C)C(=O)O[C@H]1C[C@@H](C)C[C@@H]2C=C[C@H](C)[C@H](CCC(=O)C[C@@H](O)CC(=O)OC)[C@@H]12,nM,80.0
C/C=C\[C@@H]1C[C@H](OC(C)=O)[C@@H]2[C@@H](CC[C@@H]3C[C@@H](O)CC(=O)O3)[C@@H](C)C=C[C@H]2C1,nM,1500.0
C/C=C/[C@@H]1C[C@H](OC(=O)[C@@H](C)CC)[C@@H]2[C@@H](CC[C@@H]3C[C@@H](O)CC(=O)O3)[C@@H](C)C=C[C@H]2C1,nM,4.0
CCC(C)C(=O)O[C@H]1C[C@@H](C)C[C@@H]2C=C[C@H](C(C)C)[C@H](CCC(=O)C[C@@H](O)CC(=O)OC)[C@@H]12,nM,6000.0
CCC(C)(C)C(=O)O[C@H]1C[C@@H](/C=C/Cc2ccccc2)C[C@@H]2C=C[C@H](C)[C@H](CC[C@@H]3C[C@@H](O)CC(=O)O3)[C@@H]12,nM,20.0
C/C=C/[C@]1(C)C[C@H](OC(=O)C(C)(C)CC)[C@@H]2[C@@H](CC[C@@H]3C[C@@H](O)CC(=O)O3)[C@@H](C)C=C[C@H]2C1,nM,5.0
O=C1C[C@H](O)C[C@@H](CC[C@@H]2CCC[C@@H]3CCCC[C@@H]32)O1,nM,107000.0
CCC(C)C(=O)O[C@H]1C[C@@H](C)C[C@@H]2C=C[C@H](C(C)C)[C@H](CC[C@@H]3C[C@@H](O)CC(=O)O3)[C@@H]12,nM,1000.0
C/C=C\[C@@H]1C[C@H](OC(=O)[C@@H](C)CC)[C@@H]2[C@@H](CC[C@@H]3C[C@@H](O)CC(=O)O3)[C@@H](C)C=C[C@H]2C1,nM,30.0
C[C@H]1C=C2C=C[C@H](C)[C@H](CCC3C[C@@H](O)CC(=O)O3)[C@H]2[C@@H](OCc2ccccc2)C1,nM,27.0
C=C(C)CO[C@H]1C[C@@H](C)C=C2C=C[C@H](C)[C@H](CCC3C[C@@H](O)CC(=O)O3)[C@H]21,nM,360.0
C=CCC(=O)O[C@H]1C[C@@H](C)C=C2C=C[C@H](C)[C@H](CCC3C[C@@H](O)CC(=O)O3)[C@H]21,nM,2.9
C[C@H]1C=C2C=C[C@H](C)[C@H](CC[C@@H]3C[C@@H](O)CC(=O)O3)[C@H]2[C@@H](OC(=O)Cc2ccccc2)C1,nM,19.0
CO[C@H]1C[C@@H](C)C=C2C=C[C@H](C)[C@H](CCC3C[C@@H](O)CC(=O)O3)[C@H]21,nM,2810.0
C[C@H]1C=C2C=C[C@H](C)[C@H](CCC3C[C@@H](O)CC(=O)O3)[C@H]2[C@@H](OCc2ccc(F)cc2)C1,nM,4.7
C=CCO[C@H]1C[C@@H](C)C=C2C=C[C@H](C)[C@H](CCC3C[C@@H](O)CC(=O)O3)[C@H]21,nM,370.0
C[C@H]1C=C2C=C[C@H](C)[C@H](CCC3C[C@@H](O)CC(=O)O3)[C@H]2[C@@H](OCc2ccc(Cl)cc2)C1,nM,170.0
CC(=O)O[C@H]1C[C@@H](C)C=C2C=C[C@H](C)[C@H](CCC3C[C@@H](O)CC(=O)O3)[C@H]21,nM,269.0
O=C1C[C@H](O)C[C@@H](/C=C/c2c(Cl)cc(Cl)cc2-c2ccc(F)cc2)O1,nM,5.0
CC[C@H](C)C(=O)O[C@H]1C[C@H]2[C@@H](CC[C@@H]3C[C@H](O)CC[C@@]32C)[C@@H]2CCC(CC[C@H]3C[C@@H](O)CC(=O)O3)[C@@]12C,nM,1000.0
Cc1cc(-c2cccc(Cl)c2/C=C/[C@@H]2C[C@@H](O)CC(=O)O2)ccc1F,nM,30.0
O=C1C[C@H](O)CC(CCc2c(Cl)cc(Cl)cc2-c2ccccc2)O1,nM,100.0
Cc1ccc(C)c(-c2ccc(Cl)c(Cl)c2)c1/C=C/[C@@H]1C[C@@H](O)CC(=O)O1,nM,13.0
O=C1C[C@H](O)C[C@@H](/C=C/c2c(Cl)cc(Cl)cc2CCc2ccccc2)O1,nM,430.0
Cc1cc(C)c(/C=C/[C@@H]2C[C@@H](O)CC(=O)O2)c(-c2ccc(F)c(CO)c2)c1,nM,49.0
Cc1cc(C)c(/C=C/[C@@H]2C[C@@H](O)CC(=O)O2)c(/C=C/c2ccc(Cl)cc2)c1,nM,630.0
O=C1C[C@H](O)C[C@@H](/C=C/c2c(Cl)cc(Cl)cc2-c2cc(Cl)cc(Cl)c2)O1,nM,37.0
Cc1cc(C)cc(-c2cc(Cl)cc(Cl)c2/C=C/[C@@H]2C[C@@H](O)CC(=O)O2)c1,nM,13.0
CCc1cccc(-c2cc(Cl)cc(Cl)c2/C=C/[C@@H]2C[C@@H](O)CC(=O)O2)c1,nM,44.0
Cc1cc(C)cc(-c2cc(C)cc(C)c2/C=C/[C@@H]2C[C@@H](O)CC(=O)O2)c1,nM,15.0
CC[C@H](C)C(=O)O[C@H]1C[C@H]2[C@@H](CC[C@@H]3C[C@H](O)CC[C@@]32C)[C@@H]2CCC(CC[C@@H]3C[C@@H](O)CC(=O)O3)[C@@]12C,nM,200.0
Cc1cc(C)c(CCC2C[C@@H](O)CC(=O)O2)c(-c2ccc(F)c(C)c2)c1,nM,22.0
CC[C@H](C)C(=O)O[C@H]1C[C@H]2[C@@H](CC[C@@H]3C[C@H](O)CC[C@@]32C)[C@@H]2CCC([C@H](C)C[C@@H]3C[C@@H](O)CC(=O)O3)[C@@]12C,nM,650.0
O=C1C[C@H](O)CC(CCc2c(Cl)cc(Cl)cc2Cc2ccccc2)O1,nM,530.0
COc1ccc(-c2cc(Cl)cc(Cl)c2/C=C/[C@@H]2C[C@@H](O)CC(=O)O2)cc1,nM,470.0
Cc1cc(-c2cc(Cl)cc(C)c2/C=C/[C@@H]2C[C@@H](O)CC(=O)O2)ccc1F,nM,6.0
CC[C@H](C)C(=O)O[C@H]1C[C@H]2[C@@H](CC[C@@H]3C[C@H](O)CC[C@@]32C)[C@@H]2CCC([C@H](C)C[C@H]3C[C@@H](O)CC(=O)O3)[C@@]12C,nM,7000.0
COc1cccc(-c2cc(Cl)cc(Cl)c2/C=C/[C@@H]2C[C@@H](O)CC(=O)O2)c1,nM,50.0
Cc1ccccc1-c1cc(Cl)cc(Cl)c1/C=C/[C@@H]1C[C@@H](O)CC(=O)O1,nM,370.0
O=C1C[C@H](O)CC(CCc2ccccc2-c2ccccc2)O1,nM,44000.0
Cc1cc(Cl)c(/C=C/[C@@H]2C[C@@H](O)CC(=O)O2)c(-c2ccc(F)c(C)c2)c1,nM,13.0
O=C1C[C@H](O)C[C@@H](/C=C/c2c(Cl)cc(Cl)cc2-c2ccc(Cl)cc2)O1,nM,36.0
Cc1cc(C)c(/C=C/[C@@H]2C[C@@H](O)CC(=O)O2)c(-c2ccc(Cl)c(Cl)c2)c1,nM,8.0
Cc1cc(F)ccc1-c1cc(Cl)cc(Cl)c1/C=C/[C@@H]1C[C@@H](O)CC(=O)O1,nM,36.0
O=C1C[C@H](O)C[C@@H](/C=C/c2c(Cl)cc(Cl)cc2-c2ccccc2)O1,nM,80.0
Cc1cc(C)c(/C=C/[C@@H]2C[C@@H](O)CC(=O)O2)c(-c2ccc(F)cc2)c1,nM,13.0
Cc1cc(-c2cc(Cl)cc(Cl)c2/C=C/[C@@H]2C[C@@H](O)CC(=O)O2)ccc1F,nM,29.0
O=C1C[C@H](O)C[C@@H](/C=C/c2c(Cl)cc(Cl)cc2-c2ccc(Cl)c(Cl)c2)O1,nM,25.0
CO[C@H]1CC(=O)O[C@H](/C=C/c2c(C)cc(C)cc2-c2ccc(F)c(C)c2)C1,nM,106.0
Cc1cccc(-c2cc(Cl)cc(Cl)c2/C=C/[C@@H]2C[C@@H](O)CC(=O)O2)c1,nM,16.0
Cc1ccc(-c2cc(Cl)cc(Cl)c2/C=C/[C@@H]2C[C@@H](O)CC(=O)O2)cc1,nM,190.0
O=C1C[C@H](O)C[C@@H](/C=C/c2c(Cl)cc(Cl)cc2-c2cccc(F)c2)O1,nM,70.0
O=C1C[C@H](O)C[C@@H](/C=C/c2c(F)cc(F)cc2-c2ccc(F)cc2)O1,nM,860.0
Cc1cc(C)c(/C=C/[C@@H]2C[C@@H](O)CC(=O)O2)c(-c2cc(C)c(F)c(C)c2)c1,nM,10.0
CCCCCCCCCCCCCCCCCC(O)(CC(=O)O)CC(=O)O,nM,100000.0
CCCCCCCCCCCCCCCC1(O)CCOC(O)C1,nM,1000000.0
CCCCCCCCCCCCCCCCCCCC(O)(CC(=O)O)CC(=O)O,nM,350000.0
CCCCCCCCCCCCCCCC(O)(CC(=O)O)CC(=O)O,nM,50000.0
CCCCCCCCCCCCCCC(O)(CC(=O)O)CC(=O)O,nM,130000.0
CCCCCCCCCCC(O)(CC(=O)O)CC(=O)O,nM,100000.0
CCCCCCCCCCCCCCCC(O)(CC(=O)O)CC(=O)OCC,nM,900000.0
CCCCCCCCCCCCCC(O)(CC(=O)O)CC(=O)O,nM,50000.0
CCCCCCCCCCCCCCCCC(O)(CC(=O)O)CC(=O)O,nM,100000.0
CCCCCCCCCCCCCCCC1(O)CCOC(=O)C1,nM,750000.0
CCCCCCCCCCCCCCCC1(O)CC(=O)OC(=O)C1,nM,250000.0
CCCCCCCCCCCCCCCC(O)(CC(=O)OCC)CC(=O)OCC,nM,1000000.0
Cc1cc(Cl)cc(CC2CCCCC2)c1OCC(O)C[C@@H](O)CC(=O)[O-].[Na+],nM,75.0
O=C([O-])C[C@H](O)CC(O)COc1c(CCCOc2ccc(F)cc2)cc(Cl)cc1C1CCCC1.[Na+],nM,1000.0
Cc1cc(C)c(OCC2C[C@@H](O)CC(=O)O2)c(C(Cl)C2CCCCC2)c1,nM,1000.0
CC(C)c1c(OCC(O)C[C@@H](O)CC(=O)[O-])c(-c2ccc(F)cc2)nc2ccccc12.[Na+],nM,50.0
CC(C)c1cc(-c2ccc(F)cc2)cc(-c2ccc(F)cc2)c1OCC(O)C[C@@H](O)CC(=O)[O-].[Na+],nM,17.0
CC(C)c1cc(Sc2ccc(F)cc2)cc(-c2ccc(F)cc2)c1OCC(O)C[C@@H](O)CC(=O)[O-].[Na+],nM,6.0
Cc1c(CCC(O)C[C@@H](O)CC(=O)[O-])c(-c2ccc(F)cc2)cn1-c1ccccc1.[Na+],nM,35.0
Cc1c(OCC(O)C[C@@H](O)CC(=O)[O-])c(C(c2ccc(F)cc2)c2ccc(F)cc2)cc2ccccc12.[Na+],nM,900.0
Cc1cc(-c2ccccc2)nc(-c2ccc(F)cc2)c1/C=C/[C@@H](O)C[C@@H](O)CC(=O)[O-].[Na+],nM,38.0
O=C([O-])C[C@H](O)C[C@H](O)/C=C/c1c(Cl)cc(Cl)cc1-c1ccc(F)cc1.[Na+],nM,4.5
Cc1cc(C)c(OCC(O)C[C@@H](O)CC(=O)[O-])c(CC2CCCCC2)c1.[Na+],nM,100.0
COc1ccc(C(c2ccc(F)cc2)c2cc(C)cc(C)c2OCC(O)C[C@@H](O)CC(=O)[O-])cc1.[Na+],nM,100.0
Cc1cccc(CCCOc2ccc(F)cc2)c1OCC(O)C[C@@H](O)CC(=O)[O-].[Na+],nM,250.0
Cc1cc(C)c(OCC(O)C[C@@H](O)CC(=O)[O-])c(C(C)c2ccc(F)cc2)c1.[Na+],nM,160.0
CC(C)c1c(CCC(O)C[C@@H](O)CC(=O)[O-])c(-c2ccc(F)cc2)cn1-c1ccccc1.[Na+],nM,3.0
O=C([O-])C[C@H](O)CC(O)COc1c(Cl)cc(Cl)cc1-c1ccccc1.[Na+],nM,190.0
CC(C)c1cc(SC(C)(C)Sc2cc(-c3ccc(F)cc3)c(OC[C@H](O)C[C@@H](O)CC(=O)[O-])c(C(C)C)c2)cc(-c2ccc(F)cc2)c1OC[C@H](O)C[C@@H](O)CC(=O)[O-].[Na+].[Na+],nM,10.0
O=C([O-])C[C@H](O)CC(O)COc1c(Cl)cc(Cl)cc1CC1CCCCC1.[Na+],nM,27.0
CCC(C)(C)C(=O)NC(c1cc(C)cc(C)c1OCC(O)C[C@@H](O)CC(=O)[O-])C1CCCCC1.[Na+],nM,320.0
Cc1c(OCC(O)C[C@@H](O)CC(=O)[O-])c(-c2ccc(F)cc2)nc2ccccc12.[Na+],nM,1000.0
CC(C)c1cc(-c2ccc(F)cc2)c(OCC(O)C[C@@H](O)CC(=O)[O-])c(C(C)C)c1.[Na+],nM,2.7
CC(C)c1cc(SC(C)(C)Sc2cc(-c3ccc(F)cc3)c(OCC(O)C[C@@H](O)CC(=O)[O-])c(C(C)C)c2)cc(-c2ccc(F)cc2)c1[O-].[Na+].[Na+],nM,30.0
Cc1cc(C)c(OCC(O)C[C@@H](O)CC(=O)[O-])c(C(c2ccc(F)cc2)c2ccc(F)cc2)c1.[Na+],nM,70.0
CC(C)c1nc(C(C)(C)C)cc(-c2ccc(F)cc2)c1/C=C/[C@@H](O)C[C@@H](O)CC(=O)[O-].[Na+],nM,1.0
O=C([O-])C[C@H](O)CC(O)COc1c(CCCOc2ccc(F)cc2)cccc1C1CCCC1.[Na+],nM,1000.0
Cc1cc(Cl)cc(CCCOc2ccc(F)cc2)c1OCC(O)C[C@@H](O)CC(=O)[O-].[Na+],nM,80.0
Cc1cc(Cl)cc(CCCOc2ccc(Cl)cc2)c1OCC(O)C[C@@H](O)CC(=O)[O-].[Na+],nM,50.0
O=C([O-])C[C@H](O)CC(O)COc1c(Cl)cc(Cl)cc1C(c1ccc(F)cc1)c1ccc(F)cc1.[Na+],nM,950.0
CC(C)c1cc(-c2ccccc2)cc(CC2CCCCC2)c1OCC(O)C[C@@H](O)CC(=O)[O-].[Na+],nM,400.0
CC(C)c1c(O)c(C(C)C)c(C(C)C)c(OCC(O)C[C@@H](O)CC(=O)[O-])c1-c1ccc(F)cc1.[Na+],nM,20.0
CC(C)c1cc(-c2ccccc2)nc(-c2ccc(F)cc2)c1/C=C/[C@@H](O)C[C@@H](O)CC(=O)[O-].[Na+],nM,3.0
O=C([O-])C[C@H](O)CC(O)COc1c(Cl)cc(Cl)cc1C(CCOc1ccc(F)cc1)c1ccc(F)cc1.[Na+],nM,150.0
Cc1cc(C)c(OCC(O)C[C@@H](O)CC(=O)[O-])c(C(CC(C)C)c2ccc(F)cc2)c1.[Na+],nM,140.0
Cc1cc(Cl)cc(C(c2ccc(F)cc2)c2ccc(F)cc2)c1OCC(O)C[C@@H](O)CC(=O)[O-].[Na+],nM,70.0
Cc1cc(Cl)c(OCC(O)C[C@@H](O)CC(=O)[O-])c(C(c2ccc(F)c(C)c2)c2ccc(F)c(C)c2)c1.[Na+],nM,270.0
Cc1cc(C(c2ccc(F)c(C)c2)c2cc(Cl)cc(Cl)c2OCC(O)C[C@@H](O)CC(=O)[O-])ccc1F.[Na+],nM,1000.0
CC(C)c1c(OCC(O)C[C@@H](O)CC(=O)[O-])c(C(c2ccc(F)cc2)c2ccc(F)cc2)cc2ccccc12.[Na+],nM,380.0
O=C([O-])C[C@H](O)CC(O)COc1cc(OCc2ccc(F)cc2)c(Cl)cc1Cl.[Na+],nM,260.0
Cc1nc2ccccc2c(-c2ccccc2)c1OCC(O)C[C@@H](O)CC(=O)[O-].[Na+],nM,1000.0
O=C([O-])C[C@H](O)CC(O)COc1c(Cl)cc(Cl)cc1C(F)(F)C1CCCCC1.[Na+],nM,85.0
CC(C)c1cc(C(C)(C)C)cc(-c2ccc(F)cc2)c1OCC(O)C[C@@H](O)CC(=O)[O-].[Na+],nM,400.0
CCC(C)(C)OC(=O)C(c1cc(C)cc(C)c1OCC(O)C[C@@H](O)CC(=O)[O-])C1CCCCC1.[Na+],nM,500.0
Cc1cc(C)c(OCC(O)C[C@@H](O)CC(=O)[O-])c(C(c2ccc(F)cc2)c2cccc(C(F)(F)F)c2)c1.[Na+],nM,90.0
O=C([O-])C[C@H](O)CC(O)COc1c(Cl)cc(Cl)cc1C(F)=C1CCCCC1.[Na+],nM,95.0
CC(C)c1cc(-c2ccc(F)cc2)c(/C=C/[C@@H](O)C[C@@H](O)CC(=O)[O-])c(C(C)C)n1.[Na+],nM,3.0
O=C([O-])C[C@H](O)CC(O)COc1c(Cl)cc(Cl)cc1C(=O)C1CCCCC1.[Na+],nM,190.0
CC(=O)[O-].CC(C)c1c(OC[C@@H](O)C[C@@H](O)CC(=O)[O-])c(C(C)C)c(C(C)C)c(O)c1-c1ccc(F)cc1.[Na+].[Na+],nM,4.0
Cc1cc(C)c(OCC(O)C[C@@H](O)CC(=O)[O-])c(C(c2ccc(F)cc2)C2CCCCC2)c1.[Na+],nM,95.0
CC[C@H](C)C(=O)O[C@H]1CCC=C2C=C[C@H](C)[C@H](CCCC[C@@H](O)CC(=O)[O-])[C@H]21.[Na+],nM,110.0
CC(C)c1sc(CO)c(-c2ccc(F)cc2)c1/C=C/[C@@H](O)C[C@@H](O)CC(=O)[O-].[Na+],nM,325.0
CC(C)c1sc(-c2ccccc2)c(C2CCCC2)c1/C=C/[C@@H](O)C[C@@H](O)CC(=O)[O-].[Na+],nM,417.0
CC(C)c1sc(-c2ccccc2)c(-c2ccccc2)c1/C=C/[C@@H](O)C[C@@H](O)CC(=O)[O-].[Na+],nM,26.0
CC(C)c1sc(C(C)C)c(-c2ccc(F)cc2)c1/C=C/[C@@H](O)C[C@@H](O)CC(=O)[O-].[Na+],nM,26.0
CC(C)=Cc1c(-c2ccccc2)sc(C(C)C)c1/C=C/[C@@H](O)C[C@@H](O)CC(=O)[O-].[Na+],nM,1000.0
COc1ccc(-c2c(-c3ccccc3)sc(C(C)C)c2/C=C/[C@@H](O)C[C@@H](O)CC(=O)[O-])cc1.[Na+],nM,2430.0
CCCCCCCCc1c(-c2ccccc2)sc(C(C)C)c1/C=C/[C@@H](O)C[C@@H](O)CC(=O)[O-].[Na+],nM,10000.0
CC(C)c1sc(-c2ccccc2)c(-c2ccc(-c3ccccc3)cc2)c1/C=C/[C@@H](O)C[C@@H](O)CC(=O)[O-].[Na+],nM,10000.0
CC(C)c1sc(-c2ccc(Cl)cc2)c(-c2ccc(F)cc2)c1/C=C/[C@@H](O)C[C@@H](O)CC(=O)[O-].[Na+],nM,21.0
CC(C)c1sc(-c2ccccc2)c(-c2cccc(F)c2)c1/C=C/[C@@H](O)C[C@@H](O)CC(=O)[O-].[Na+],nM,49.0
COCCOCc1sc(C(C)C)c(/C=C/[C@@H](O)C[C@@H](O)CC(=O)[O-])c1-c1ccc(F)cc1.[Na+],nM,206.0
Cc1ccc(-c2sc(C(C)C)c(/C=C/[C@@H](O)C[C@@H](O)CC(=O)[O-])c2-c2ccc(F)cc2)cc1.[Na+],nM,9.7
CC[C@H](C)C(=O)O[C@H]1C[C@@H](C)C=C2C=C[C@H](C)[C@H](CCCC[C@@H](O)CC(=O)[O-])[C@H]21.[Na+],nM,160.0
CC(C)c1sc(-c2ccccc2)c(-c2cccc(C(F)(F)F)c2)c1/C=C/[C@@H](O)C[C@@H](O)CC(=O)[O-].[Na+],nM,2980.0
CC(C)c1sc(-c2ccccc2)c(-c2cccs2)c1/C=C/[C@@H](O)C[C@@H](O)CC(=O)[O-].[Na+],nM,1420.0
CCCCCCCCc1sc(C(C)C)c(/C=C/[C@@H](O)C[C@@H](O)CC(=O)[O-])c1-c1ccc(F)cc1.[Na+],nM,10000.0
CC(C)c1sc(-c2ccccc2)c(-c2ccc(F)cc2)c1/C=C/[C@@H](O)C[C@@H](O)CC(=O)[O-].[Na+],nM,4.4
CC(C)c1sc(C2CCCC2)c(-c2ccc(F)cc2)c1/C=C/[C@@H](O)C[C@@H](O)CC(=O)[O-].[Na+],nM,570.0
COc1ccc(-c2sc(C(C)C)c(/C=C/[C@@H](O)C[C@@H](O)CC(=O)[O-])c2-c2ccc(F)cc2)cc1.[Na+],nM,6.3
CC(C)c1sc(-c2ccccc2)c(C2CCCCC2)c1/C=C/[C@@H](O)C[C@@H](O)CC(=O)[O-].[Na+],nM,202.0
CC(C)=Cc1sc(C(C)C)c(/C=C/[C@@H](O)C[C@@H](O)CC(=O)[O-])c1-c1ccc(F)cc1.[Na+],nM,15.0
Cc1sc(C(C)C)c(/C=C/[C@@H](O)C[C@@H](O)CC(=O)[O-])c1-c1ccccc1.[Na+],nM,94.0
CC(C)c1sc(-c2ccccc2)c(-c2ccccc2F)c1/C=C/[C@@H](O)C[C@@H](O)CC(=O)[O-].[Na+],nM,233.0
CCc1nc(-c2ccccc2)cc(-c2ccc(F)cc2)c1CCC1C[C@@H](O)CC(=O)O1,nM,3.0
C=C(C)CC(=O)O[C@H]1C[C@@H](C)C=C2C=C[C@H](C)[C@H](CC[C@@H]3C[C@@H](O)CC(=O)O3)C21,nM,2.9
CCCCCCCCCC(=O)O[C@H]1C[C@@H](C)C=C2C=C[C@H](C)[C@H](CC[C@@H]3C[C@@H](O)CC(=O)O3)C21,nM,295.0
C[C@H]1C=C2C=C[C@H](C)[C@H](CC[C@@H]3C[C@@H](O)CC(=O)O3)C2[C@@H](OC(=O)Oc2ccccc2)C1,nM,83.0
Cc1nc(C)c(/C=C/[C@@H]2C[C@@H](O)CC(=O)O2)c(-c2ccc(Cl)cc2)n1,nM,600.0
CCCC(CC)(CC)C(=O)O[C@H]1C[C@@H](C)C=C2C=C[C@H](C)[C@H](CC[C@@H]3C[C@@H](O)CC(=O)O3)C21,nM,1.9
CC(C)c1nc(C2CCCCC2)nc(-c2ccc(F)cc2)c1/C=C/[C@@H]1C[C@@H](O)CC(=O)O1,nM,1.0
CC(C)=CC(=O)O[C@H]1C[C@@H](C)C=C2C=C[C@H](C)[C@H](CC[C@@H]3C[C@@H](O)CC(=O)O3)C21,nM,27.3
O=C1C[C@H](O)C[C@@H](/C=C/c2c(-c3ccc(F)cc3)cc(-c3ccccc3)nc2C2CCCCC2)O1,nM,30.0
CCC(CC)(CC)C(=O)O[C@H]1C[C@@H](C)C=C2C=C[C@H](C)[C@H](CC[C@@H]3C[C@@H](O)CC(=O)O3)C21,nM,1.4
C[C@H]1C=C2C=C[C@H](C)[C@H](CC[C@@H]3C[C@@H](O)CC(=O)O3)C2[C@@H](OC(=O)c2ccc(F)cc2)C1,nM,37.0
CC(C)c1nc(-c2ccc(F)cc2)nc(-c2ccc(F)cc2)c1/C=C/[C@@H]1C[C@@H](O)CC(=O)O1,nM,1.0
CC(C)C(=O)O[C@H]1C[C@@H](C)C=C2C=C[C@H](C)[C@H](CC[C@@H]3C[C@@H](O)CC(=O)O3)C21,nM,7.7
CCC(C)(CC)C(=O)O[C@H]1C[C@@H](C)C=C2C=C[C@H](C)[C@H](CC[C@@H]3C[C@@H](O)CC(=O)O3)C21,nM,1.4
C[C@H]1C=C2C=C[C@H](C)[C@H](CC[C@@H]3C[C@@H](O)CC(=O)O3)C2[C@@H](OC(=O)C23CC4CC(CC(C4)C2)C3)C1,nM,3.8
Cc1cc(-c2ccc(Cl)cc2)c(/C=C/[C@@H]2C[C@@H](O)CC(=O)O2)c(C)n1,nM,94.0
CC(C)c1nc(-c2ccccc2)nc(-c2ccc(F)cc2)c1/C=C/[C@@H]1C[C@@H](O)CC(=O)O1,nM,3.0
Cc1cc(-c2ccc(F)cc2)c(/C=C\[C@@H]2C[C@@H](O)CC(=O)O2)c(C)n1,nM,1000.0
C[C@H]1C=C2C=C[C@H](C)[C@H](CC[C@@H]3C[C@@H](O)CC(=O)O3)C2[C@@H](OC(=O)C2CC2)C1,nM,38.6
CC(C)CC(=O)O[C@H]1C[C@@H](C)C=C2C=C[C@H](C)[C@H](CC[C@@H]3C[C@@H](O)CC(=O)O3)C21,nM,5.4
CC[C@@H](C)C(=O)O[C@H]1C[C@@H](C)C=C2C=C[C@H](C)[C@H](CC[C@@H]3C[C@@H](O)CC(=O)O3)C21,nM,2.2
CC(C)c1nc(C(C)(C)C)cc(-c2ccc(F)cc2)c1/C=C/[C@@H]1C[C@@H](O)CC(=O)O1,nM,1.0
Cc1nc(C)c(/C=C/[C@@H]2C[C@@H](O)CC(=O)O2)c(-c2ccc(F)cc2)n1,nM,500.0
CC(=O)O[C@H]1C[C@@H](C)C=C2C=C[C@H](C)[C@H](CC[C@@H]3C[C@@H](O)CC(=O)O3)C21,nM,269.0
Cc1cc(-c2ccc(F)cc2)c(/C=C/[C@@H]2C[C@@H](O)CC(=O)O2)c(C)n1,nM,260.0
CCc1nc(-c2ccccc2)cc(-c2ccc(F)cc2)c1/C=C/[C@@H]1C[C@@H](O)CC(=O)O1,nM,40.0
Cc1nc(C)c(/C=C\[C@@H]2C[C@@H](O)CC(=O)O2)c(-c2ccc(Cl)cc2)n1,nM,1000.0
CC[C@H](C)C(=O)O[C@H]1C[C@@H](C)C=C2C=C[C@H](C)[C@H](CC[C@@H]3C[C@@H](O)CC(=O)O3)C21,nM,2.2
CC(C)c1nc(-c2ccc(F)cc2)c(/C=C/[C@@H]2C[C@@H](O)CC(=O)O2)c(C(C)C)n1,nM,3.0
CC(CC(=O)O[C@H]1C[C@@H](C)C=C2C=C[C@H](C)[C@H](CC[C@@H]3C[C@@H](O)CC(=O)O3)C21)C(F)(F)F,nM,3.5
CC(C)c1cc(-c2ccc(F)cc2)c(/C=C/[C@@H]2C[C@@H](O)CC(=O)O2)c(C(C)C)n1,nM,3.0
Cc1cc(-c2ccc(F)cc2)c(/C=C/[C@@H]2C[C@@H](O)CC(=O)O2)c(C(C)C)n1,nM,9.0
Cc1cc(C)cc(-c2cc(-c3ccc(F)cc3)c(/C=C/[C@@H]3C[C@@H](O)CC(=O)O3)c(C(C)C)n2)c1,nM,8.0
Cc1nc(-c2ccccc2)cc(-c2ccc(F)cc2)c1/C=C\[C@@H]1C[C@@H](O)CC(=O)O1,nM,100.0
Cc1nc(-c2ccccc2)cc(-c2ccc(F)cc2)c1/C=C/[C@@H]1C[C@@H](O)CC(=O)O1,nM,38.0
CCC(C)(C)C(=O)O[C@H]1C[C@@H](C)C=C2C=C[C@H](C)[C@H](CC[C@@H]3C[C@@H](O)CC(=O)O3)C21,nM,0.9
CC(C)c1nc(-c2ccccc2)cc(-c2ccc(F)cc2)c1/C=C/[C@@H]1C[C@@H](O)CC(=O)O1,nM,3.0
CC(C)c1nc(-c2ccccc2)cc(-c2ccc(F)cc2)c1CCC1C[C@@H](O)CC(=O)O1,nM,19.0
CC(C)(C)c1nc(-c2ccccc2)cc(-c2ccc(F)cc2)c1/C=C/[C@@H]1C[C@@H](O)CC(=O)O1,nM,18.0
CC(C)c1cc(-c2ccccc2)nc(-c2ccc(F)cc2)c1/C=C/[C@@H]1C[C@@H](O)CC(=O)O1,nM,4.0
Cc1ccc(C)c(-c2cc(-c3ccc(F)cc3)c(/C=C/[C@@H]3C[C@@H](O)CC(=O)O3)c(C(C)C)n2)c1,nM,5.0
COc1ccc(-c2cc(-c3ccccc3)nc(C(C)C)c2/C=C/[C@@H]2C[C@@H](O)CC(=O)O2)cc1,nM,13.0
Cc1nc(C)c(CCC2C[C@@H](O)CC(=O)O2)c(-c2ccc(F)cc2)n1,nM,1000.0
CCCCC(=O)O[C@H]1C[C@@H](C)C=C2C=C[C@H](C)[C@H](CC[C@@H]3C[C@@H](O)CC(=O)O3)C21,nM,8.7
C[C@H]1C=C2C=C[C@H](C)[C@H](CC[C@@H]3C[C@@H](O)CC(=O)O3)C2[C@@H](OC(=O)C(C)(C)C)C1,nM,2.7
CC(C)c1nc(-c2ccc(F)cc2)cc(-c2ccc(F)cc2)c1/C=C/[C@@H]1C[C@@H](O)CC(=O)O1,nM,2.0
CC(C)c1nc(C2CCCCC2)cc(-c2ccc(F)cc2)c1/C=C/[C@@H]1C[C@@H](O)CC(=O)O1,nM,4.0
CC(C)c1nc(-c2ccccc2)cc(-c2ccc(C(F)(F)F)cc2)c1/C=C/[C@@H]1C[C@@H](O)CC(=O)O1,nM,36.0
CCC(C)(C)C(=O)O[C@H]1C[C@@H](C)[C@@H](O)[C@@H]2CC[C@H](C)[C@H](CC[C@@H]3C[C@@H](O)CC(=O)O3)C12,nM,40.8
CCC(C)(C)C(=O)O[C@@H](C[C@@H](C)CO)C1[C@H](O)CC[C@H](C)[C@@H]1CC[C@@H]1C[C@@H](O)CC(=O)O1,nM,2800.0
CCC(C)(C)C(=O)O[C@H]1CC(C)(C)O[C@@H]2CC[C@H](C)[C@H](CC[C@@H]3C[C@@H](O)CC(=O)O3)C12,nM,35.0
CCC(C)(C)C(=O)O[C@H]1C[C@@H](C)[C@@H](OC(=O)N(Cc2ccccc2)Cc2ccccc2)[C@@H]2CC[C@H](C)[C@H](CC[C@@H]3C[C@@H](O)CC(=O)O3)C12,nM,16.0
CCC(C)(C)C(=O)O[C@H]1C[C@@H](C)C(=O)[C@@H]2CC[C@H](C)[C@H](CC[C@@H]3C[C@@H](O)CC(=O)O3)C12,nM,34.0
C=C(C)C[C@H](OC(=O)C(C)(C)CC)C1[C@H](O)CC[C@H](C)[C@@H]1CC[C@@H]1C[C@@H](O[Si](C)(C)C(C)(C)C)CC(=O)O1,nM,1700.0
CCC(C)(C)C(=O)O[C@H]1C[C@H](C)[C@H](O)[C@@H]2CC[C@H](C)[C@H](CC[C@@H]3C[C@@H](O)CC(=O)O3)C12,nM,289.0
CCC(C)(C)C(=O)O[C@H]1C[C@](C)(CSc2ccccc2)O[C@@H]2CC[C@H](C)[C@H](CC[C@@H]3C[C@@H](O)CC(=O)O3)C12,nM,6.0
CCC(C)(C)C(=O)O[C@H]1C[C@@H](C)CC2CC[C@H](C)[C@H](CC[C@@H]3C[C@@H](O)CC(=O)O3)C21,nM,13.0
CCC(C)(C)C(=O)O[C@H]1C[C@@H](C)[C@@H](OP(=O)(c2ccccc2)c2ccccc2)[C@@H]2CC[C@H](C)[C@H](CC[C@@H]3C[C@@H](O)CC(=O)O3)C12,nM,6.0
CCC(C)(C)C(=O)O[C@H]1C[C@@H](C)[C@@H](OC(=O)NCc2ccccc2)[C@@H]2CC[C@H](C)[C@H](CC[C@@H]3C[C@@H](O)CC(=O)O3)C12,nM,5.0
CCC(C)(C)C(=O)O[C@H]1C[C@H](C)[C@@H](O)[C@@H]2CC[C@H](C)[C@H](CC[C@@H]3C[C@@H](O)CC(=O)O3)C12,nM,48.6
CCC(C)(C)C(=O)O[C@H]1C[C@@H](C)[C@@H](OCCc2ccccc2)[C@@H]2CC[C@H](C)[C@H](CC[C@@H]3C[C@@H](O)CC(=O)O3)C12,nM,6.0
CCC(C)(C)C(=O)O[C@H]1C[C@H](C)C(=O)[C@@H]2CC[C@H](C)[C@H](CC[C@@H]3C[C@@H](O)CC(=O)O3)C12,nM,59.0
CCC(C)(C)C(=O)O[C@H]1C[C@@](C)(CSc2ccccc2)O[C@@H]2CC[C@H](C)[C@H](CC[C@@H]3C[C@@H](O)CC(=O)O3)C12,nM,6.6
O=C1C[C@H](O)C[C@@H](/C=C/c2cccc3cccc(Br)c23)O1,nM,4120.0
O=C1C[C@H](O)CC(CCc2ccc(Cl)c3cc(Cl)ccc23)O1,nM,7000.0
Cc1cc(C)c2ccc(Cl)cc2c1CCC1C[C@@H](O)CC(=O)O1,nM,200.0
Cc1ccc2c(C)cc(C)c(CCC3C[C@@H](O)CC(=O)O3)c2c1,nM,360.0
Cc1cc(Cl)c(CCC2C[C@@H](O)CC(=O)O2)c2cc(Cl)ccc12,nM,130.0
CC[C@@H](C)C(=O)O[C@H]1C[C@@H](C)C=C2C=C[C@H](C)[C@H](CC[C@@H](O)C[C@@H](O)CC(=O)O)[C@H]21,nM,3690.0
Cc1cc(Cl)c2ccc(Cl)cc2c1CCC1C[C@@H](O)CC(=O)O1,nM,60.0
O=C1C[C@H](O)CC(CCc2c(Cl)cc(Cl)c3cc(Cl)ccc23)O1,nM,33.0
O=C1C[C@H](O)CC(CCc2c(Cl)cc(Cl)c3ccc(Cl)cc23)O1,nM,32.0
C[C@H](CC(O)CC(O)CC(=O)[O-])[C@H]1CC[C@H]2[C@@H]3[C@H](O)C[C@@H]4C[C@H](O)CC[C@]4(C)[C@H]3C[C@H](OC(=O)C(C)(C)C)[C@]12C.[Na+],nM,12300.0
O=C1C[C@H](O)CC(CCc2ccc(Br)c3ccccc23)O1,nM,23300.0
O=C1C[C@H](O)C[C@@H](/C=C/c2ccc(Br)c3ccccc23)O1,nM,4000.0
CC(=O)O[C@@H]1CC[C@@]2(C)[C@@H](C1)C[C@@H](OC(C)=O)[C@@H]1[C@@H]2C[C@H](OC(C)=O)[C@]2(C)[C@@H]([C@H](C)CC(O)CC(O)CC(=O)[O-])CC[C@@H]12.[Na+],nM,39200.0
O=C1C[C@H](O)C[C@@H](/C=C/c2c(Cl)ccc3ccccc23)O1,nM,1510.0
Cc1cc(C)c2c(c1)/C(=C\[C@@H]1C[C@@H](O)CC(=O)O1)c1c(C)cc(C)cc1-2,nM,830.0
Cc1cc(C)c2c(c1)-c1ccccc1/C2=C\[C@@H]1C[C@@H](O)CC(=O)O1,nM,750.0
CC(C)c1c(/C=C/[C@@H]2C[C@@H](O)CC(=O)O2)c(-c2ccc(F)cc2)c2cc(F)ccc2[n+]1[O-],nM,79.0
Cc1nc2ccc(Cl)cc2c(-c2ccc(F)cc2)c1/C=C/[C@@H]1C[C@@H](O)CC(=O)O1,nM,720.0
CC(C)c1nc2ccc(Cl)cc2c(-c2ccc(F)cc2)c1/C=C/[C@@H]1C[C@@H](O)CC(=O)O1,nM,25.0
COc1ccc2nc(C(C)C)c(/C=C/[C@@H]3C[C@@H](O)CC(=O)O3)c(-c3ccc(F)cc3)c2c1,nM,53.0
CC(C)c1nc2ccccc2c(-c2ccc(F)cc2)c1/C=C/[C@@H]1C[C@@H](O)CC(=O)O1,nM,32.0
CC(C)c1nc2ccc(F)cc2c(-c2ccc(F)cc2)c1/C=C/[C@@H]1C[C@@H](O)CC(=O)O1,nM,200.0
CN(C)c1nc2ccccc2c(-c2ccc(F)cc2)c1/C=C/[C@@H]1C[C@@H](O)CC(=O)O1,nM,350.0
O=C1C[C@H](O)CC(CC2c3ccc(F)cc3-c3cc(Cl)cc(Cl)c32)O1,nM,85.0
CCn1c(CC[C@@H](O)C[C@@H](O)CC(=O)[O-])c(-c2ccc(F)cc2)c(C)c1C(=O)NCc1ccc(C(=O)OC)cc1.[Na+],nM,1.6
CCn1c(CC[C@@H](O)C[C@@H](O)CC(=O)[O-])c(-c2ccc(F)cc2)c(C)c1C(=O)Nc1ccccc1.[Na+],nM,2.8
CCn1c(CC[C@@H](O)C[C@@H](O)CC(=O)[O-])c(-c2ccc(F)cc2)c(C)c1C(N)=O.[Na+],nM,30.0
CCn1c(CC[C@@H](O)C[C@@H](O)CC(=O)[O-])c(-c2ccc(F)cc2)c(C)c1C(=O)NCc1ccc(OC)cc1.[Na+],nM,1.6
CCn1c(CC[C@@H](O)C[C@@H](O)CC(=O)[O-])c(-c2ccc(F)cc2)c(C)c1C(=O)NCc1cnc(C)cn1.[Na+],nM,4.7
CCn1c(CC[C@@H](O)C[C@@H](O)CC(=O)[O-])c(-c2ccc(F)cc2)c(C)c1C(=O)NCc1ccc(C(=O)[O-])cc1.[Na+].[Na+],nM,0.85
CC(C)n1c(CC[C@@H](O)C[C@@H](O)CC(=O)[O-])c(-c2ccc(F)cc2)c(-c2ccccn2)c1C(=O)Nc1ccccc1.[Na+],nM,2.4
CC(C)n1c(CC[C@@H](O)C[C@@H](O)CC(=O)[O-])c(-c2ccc(F)cc2)c(-c2ccccn2)c1C(=O)NCc1ccccc1.[Na+],nM,3.7
CC(C)n1c(C#N)c(-c2ccccn2)c(-c2ccc(F)cc2)c1CC[C@@H](O)C[C@@H](O)CC(=O)[O-].[Na+],nM,4.8
CCNC(=O)c1c(-c2ccccn2)c(-c2ccc(F)cc2)c(CC[C@@H](O)C[C@@H](O)CC(=O)[O-])n1C(C)C.[Na+],nM,21.0
CC(C)n1c(CC[C@@H](O)C[C@@H](O)CC(=O)[O-])c(-c2ccc(F)cc2)c(-c2ccccn2)c1C(N)=O.[Na+],nM,5.3
CC(C)n1c(CC[C@@H](O)C[C@@H](O)CC(=O)[O-])c(-c2ccc(F)cc2)c(-c2ccccc2)c1C(=O)Nc1ccccc1.[Na+],nM,12.0
COCc1c(C(C)C)nc(C(C)C)c(/C=C/[C@@H](O)C[C@@H](O)CC(=O)O)c1-c1ccc(F)cc1,nM,2.8
CC(C)c1nc(N(C)S(C)(=O)=O)nc(-c2ccc(F)cc2)c1/C=C/[C@@H](O)C[C@@H](O)CC(=O)O,nM,3.6
CCC(C)(C)C(=O)O[C@H]1C[C@@H](C)C=C2C=C[C@H](C)[C@H](CC[C@@H]3C[C@@H](O)CC(=O)O3)[C@H]21,nM,18.0
CC(C)c1c(C(=O)NCc2ccccc2)nn(-c2ccc(F)cc2)c1OC[C@@H](O)C[C@@H](O)CC(=O)O,nM,3.8
CC(C)c1c(C(=O)N2CCC[C@H](c3ccccc3)C2)nn(-c2ccc(F)cc2)c1CC[C@@H](O)C[C@@H](O)CC(=O)O,nM,2.1
CC(C)c1c(C(=O)N(C)Cc2cccc(F)c2)nn(-c2ccc(F)cc2)c1CC[C@@H](O)C[C@@H](O)CC(=O)O,nM,4.1
Cc1ccc(CNC(=O)c2nn(-c3ccc(F)cc3)c(CC[C@@H](O)C[C@@H](O)CC(=O)O)c2C(C)C)cc1,nM,2.5
CC(C)c1c(C(=O)N(C)Cc2ccccc2)nn(-c2ccc(F)cc2)c1CC[C@@H](O)C[C@@H](O)CC(=O)O,nM,6.2
COCc1cccc(CNC(=O)c2nn(-c3ccc(F)cc3)c(OC[C@@H](O)C[C@@H](O)CC(=O)O)c2C(C)C)c1,nM,31.0
CC(C)c1c(C(=O)NCc2ccccn2)nn(-c2ccc(F)cc2)c1OC[C@@H](O)C[C@@H](O)CC(=O)O,nM,25.0
CC(C)c1c(C(=O)N2CCCCC2)nn(-c2ccc(F)cc2)c1OC[C@@H](O)C[C@@H](O)CC(=O)O,nM,47.0
CC(C)c1c(C(=O)N2CCC[C@H](c3ccccc3)C2)nn(-c2ccc(F)cc2)c1OC[C@@H](O)C[C@@H](O)CC(=O)O,nM,4.8
CC(C)c1c(C(=O)N2CCCC2c2ccccc2)nn(-c2ccc(F)cc2)c1OC[C@@H](O)C[C@@H](O)CC(=O)O,nM,14.0
CC(C)c1c(C(=O)N(C)CC2CCCCC2)nn(-c2ccc(F)cc2)c1OC[C@@H](O)C[C@@H](O)CC(=O)O,nM,6.2
CCCCNC(=O)c1nn(-c2ccc(F)cc2)c(OC[C@@H](O)C[C@@H](O)CC(=O)O)c1C(C)C,nM,76.0
CC(C)c1c(C(=O)NCC2CCCCC2)nn(-c2ccc(F)cc2)c1OC[C@@H](O)C[C@@H](O)CC(=O)O,nM,17.0
CCN(Cc1ccccc1)C(=O)c1nn(-c2ccc(F)cc2)c(OC[C@@H](O)C[C@@H](O)CC(=O)O)c1C(C)C,nM,14.0
CC(C)c1c(C(=O)NCCc2ccccc2)nn(-c2ccc(F)cc2)c1OC[C@@H](O)C[C@@H](O)CC(=O)O,nM,15.0
CC(C)c1c(C(=O)N(C)[C@H](C)c2ccccc2)nn(-c2ccc(F)cc2)c1OC[C@@H](O)C[C@@H](O)CC(=O)O,nM,21.0
CC(C)c1c(C(=O)N(C)Cc2ccc(F)cc2)nn(-c2ccc(F)cc2)c1OC[C@@H](O)C[C@@H](O)CC(=O)O,nM,18.0
CC(C)c1c(C(=O)N(C)Cc2ccccc2F)nn(-c2ccc(F)cc2)c1OC[C@@H](O)C[C@@H](O)CC(=O)O,nM,8.7
CC(C)c1c(C(=O)N(C)Cc2ccc(F)c(F)c2)nn(-c2ccc(F)cc2)c1OC[C@@H](O)C[C@@H](O)CC(=O)O,nM,5.7
COc1cccc(CN(C)C(=O)c2nn(-c3ccc(F)cc3)c(OC[C@@H](O)C[C@@H](O)CC(=O)O)c2C(C)C)c1,nM,21.0
CC(C)c1c(C(=O)N(C)Cc2cccc(C(F)(F)F)c2)nn(-c2ccc(F)cc2)c1OC[C@@H](O)C[C@@H](O)CC(=O)O,nM,31.0
Cc1cccc(CN(C)C(=O)c2nn(-c3ccc(F)cc3)c(OC[C@@H](O)C[C@@H](O)CC(=O)O)c2C(C)C)c1,nM,37.0
CC(C)c1c(C(=O)N(C)Cc2cccc(Cl)c2)nn(-c2ccc(F)cc2)c1OC[C@@H](O)C[C@@H](O)CC(=O)O,nM,8.3
CC(C)c1c(C(=O)N(C)Cc2cccc(F)c2)nn(-c2ccc(F)cc2)c1OC[C@@H](O)C[C@@H](O)CC(=O)O,nM,14.0
COc1cc(CN(C)C(=O)c2nn(-c3ccc(F)cc3)c(OC[C@@H](O)C[C@@H](O)CC(=O)O)c2C(C)C)cc(OC)c1,nM,43.0
CCOc1cccc(CN(C)C(=O)c2nn(-c3ccc(F)cc3)c(OC[C@@H](O)C[C@@H](O)CC(=O)O)c2C(C)C)c1,nM,16.0
CC(C)c1c(C(=O)NCc2ccccc2Cl)nn(-c2ccc(F)cc2)c1OC[C@@H](O)C[C@@H](O)CC(=O)O,nM,9.5
CC(C)c1c(C(=O)NCc2cccc(Cl)c2)nn(-c2ccc(F)cc2)c1OC[C@@H](O)C[C@@H](O)CC(=O)O,nM,5.4
CC(C)c1c(C(=O)NCc2ccc(Cl)cc2)nn(-c2ccc(F)cc2)c1OC[C@@H](O)C[C@@H](O)CC(=O)O,nM,6.7
COc1ccccc1CNC(=O)c1nn(-c2ccc(F)cc2)c(OC[C@@H](O)C[C@@H](O)CC(=O)O)c1C(C)C,nM,22.0
COc1cccc(CNC(=O)c2nn(-c3ccc(F)cc3)c(OC[C@@H](O)C[C@@H](O)CC(=O)O)c2C(C)C)c1,nM,16.0
COc1ccc(CNC(=O)c2nn(-c3ccc(F)cc3)c(OC[C@@H](O)C[C@@H](O)CC(=O)O)c2C(C)C)cc1,nM,12.0
Cc1ccccc1CNC(=O)c1nn(-c2ccc(F)cc2)c(OC[C@@H](O)C[C@@H](O)CC(=O)O)c1C(C)C,nM,17.0
Cc1cccc(CNC(=O)c2nn(-c3ccc(F)cc3)c(OC[C@@H](O)C[C@@H](O)CC(=O)O)c2C(C)C)c1,nM,4.9
Cc1ccc(CNC(=O)c2nn(-c3ccc(F)cc3)c(OC[C@@H](O)C[C@@H](O)CC(=O)O)c2C(C)C)cc1,nM,15.0
Cc1ccc(CN(C)C(=O)c2nn(-c3ccc(F)cc3)c(OC[C@@H](O)C[C@@H](O)CC(=O)O)c2C(C)C)cc1,nM,37.0
CC(C)c1c(C(=O)N(C)Cc2cccc(F)c2F)nn(-c2ccc(F)cc2)c1OC[C@@H](O)C[C@@H](O)CC(=O)O,nM,14.0
CC(C)c1c(C(=O)NCc2cccc(F)c2F)nn(-c2ccc(F)cc2)c1OC[C@@H](O)C[C@@H](O)CC(=O)O,nM,2.0
CC(C)c1c(C(=O)N(C)Cc2ccccc2)nn(-c2ccc(F)cc2)c1OC[C@@H](O)C[C@@H](O)CC(=O)O,nM,5.2
CC(C)c1c(C(=O)N2CCC[C@H](N3CCC4C=CC=CC4C3)C2)nn(-c2ccc(F)cc2)c1CC[C@@H](O)C[C@@H](O)CC(=O)O,nM,10.0
O=C1C[C@H](O)C[C@@H](/C=C/c2cnc3ccccc3c2Sc2ccc(F)cc2)O1,nM,18560.0
CC(C)c1c(C(=O)Nc2ccccc2)c(-c2ccccc2)c(-c2ccc(F)cc2)n1CC[C@@H](O)C[C@@H](O)CC(=O)[O-].CC(C)c1c(C(=O)Nc2ccccc2)c(-c2ccccc2)c(-c2ccc(F)cc2)n1CC[C@@H](O)C[C@@H](O)CC(=O)[O-].[Ca+2],nM,13220.0
O=C([O-])C[C@H](O)C[C@H](O)/C=C/c1c(C2CC2)nc2ccccc2c1-c1ccc(F)cc1.O=C([O-])C[C@H](O)C[C@H](O)/C=C/c1c(C2CC2)nc2ccccc2c1-c1ccc(F)cc1.[Ca+2],nM,10550.0
CC(C)c1nc(N(C)S(C)(=O)=O)nc(-c2ccc(F)cc2)c1/C=C/[C@@H](O)C[C@@H](O)CC(=O)[O-].CC(C)c1nc(N(C)S(C)(=O)=O)nc(-c2ccc(F)cc2)c1/C=C/[C@@H](O)C[C@@H](O)CC(=O)[O-].[Ca+2],nM,9030.0
CC(C)c1ccc(Sc2cc3c(Sc4ccc(C(C)C)cc4)c(/C=C/[C@@H]4C[C@@H](O)CC(=O)O4)cnc3c(Sc3ccc(C(C)C)cc3)c2Sc2ccc(C(C)C)cc2)cc1,nM,4350.0
COc1cccc(Sc2c(F)cc3c(Sc4cccc(OC)c4)c(/C=C/[C@@H]4C[C@@H](O)CC(=O)O4)cnc3c2Sc2cccc(OC)c2)c1,nM,74550.0
O=C1C[C@H](O)C[C@@H](/C=C/c2cnc3c(Sc4ccc(F)cc4)c(Sc4ccc(F)cc4)c(F)cc3c2Sc2ccc(F)cc2)O1,nM,11940.0
CC(C)c1ccc(Sc2cc3ncc(/C=C/[C@@H]4C[C@@H](O)CC(=O)O4)c(Sc4ccc(C(C)C)cc4)c3cc2Sc2ccc(C(C)C)cc2)cc1,nM,14150.0
COc1cccc(Sc2cc3ncc(/C=C/[C@@H]4C[C@@H](O)CC(=O)O4)c(Sc4cccc(OC)c4)c3cc2Sc2cccc(OC)c2)c1,nM,15370.0
O=C1C[C@H](O)C[C@@H](/C=C/c2cnc3cc(Sc4ccccc4)c(Sc4ccccc4)cc3c2Sc2ccccc2)O1,nM,32550.0
COc1cccc(Sc2c(F)cc3c(Sc4cccc(OC)c4)c(/C=C/[C@@H]4C[C@@H](O)CC(=O)O4)cnc3c2F)c1,nM,49670.0
CC(C)c1ccc(Sc2cc3ncc(/C=C/[C@@H]4C[C@@H](O)CC(=O)O4)c(Sc4ccc(C(C)C)cc4)c3cc2F)cc1,nM,10600.0
COc1cccc(Sc2cc3ncc(/C=C/[C@@H]4C[C@@H](O)CC(=O)O4)c(Sc4cccc(OC)c4)c3cc2F)c1,nM,3640.0
O=C1C[C@H](O)C[C@@H](/C=C/c2cnc3cc(Sc4ccc(F)cc4)c(F)cc3c2Sc2ccc(F)cc2)O1,nM,38930.0
O=C1C[C@H](O)C[C@@H](/C=C/c2cnc3cc(Sc4ccccc4)c(F)cc3c2Sc2ccccc2)O1,nM,4410.0
CC(C)c1ccc(Sc2c(/C=C/[C@@H]3C[C@@H](O)CC(=O)O3)cnc3c(F)c(F)c(F)cc23)cc1,nM,3210.0
O=C1C[C@H](O)C[C@@H](/C=C/c2cnc3c(F)c(F)c(F)cc3c2Sc2ccc(F)cc2)O1,nM,7930.0
O=C1C[C@H](O)C[C@@H](/C=C/c2cnc3c(F)c(F)c(F)cc3c2Sc2ccccc2)O1,nM,10670.0
CC(C)c1ccc(Sc2c(/C=C/[C@@H]3C[C@@H](O)CC(=O)O3)cnc3cc(Cl)c(F)cc23)cc1,nM,22050.0
COc1cccc(Sc2c(/C=C/[C@@H]3C[C@@H](O)CC(=O)O3)cnc3cc(Cl)c(F)cc23)c1,nM,9240.0
CC(C)c1ccc(Sc2ccc3c(Sc4ccc(C(C)C)cc4)c(/C=C/[C@@H]4C[C@@H](O)CC(=O)O4)cnc3c2)cc1,nM,15750.0
CC(C)c1ccc(Sc2c(/C=C/[C@@H]3C[C@@H](O)CC(=O)O3)cnc3ccccc23)cc1,nM,12650.0
CC[C@H](C)C(=O)O[C@H]1C[C@H](O)C=C2C=C[C@H](C)[C@H](CC[C@@H](O)C[C@@H](O)CC(=O)O)[C@H]21,nM,13.0
CC(C)c1c(C(=O)N2CCC[C@H](c3ccccc3)C2)nn(-c2ccc(F)cc2)c1CC[C@@H](O)C[C@@H](O)CC(=O)[O-].[Na+],nM,2.0
CC(C)c1c(C(=O)N2CCCC(c3ccccc3)C2)nn(-c2ccc(F)cc2)c1CC[C@@H](O)C[C@@H](O)CC(=O)[O-].[Na+],nM,1.5
CC(C)c1c(C(=O)N2CCCCC2c2ccccc2)nn(-c2ccc(F)cc2)c1CC[C@@H](O)C[C@@H](O)CC(=O)[O-].[Na+],nM,6.1
CC(C)c1c(C(=O)N2CCCC2c2ccccc2)nn(-c2ccc(F)cc2)c1CC[C@@H](O)C[C@@H](O)CC(=O)[O-].[Na+],nM,7.3
CC(C)c1c(C(=O)N(C)[C@@H](C)c2ccccc2)nn(-c2ccc(F)cc2)c1CC[C@@H](O)C[C@@H](O)CC(=O)[O-].[Na+],nM,45.0
CC(C)c1c(C(=O)N(C)[C@H](C)c2ccccc2)nn(-c2ccc(F)cc2)c1CC[C@@H](O)C[C@@H](O)CC(=O)[O-].[Na+],nM,1.5
CC(C)c1c(C(=O)N(C)Cc2cccc(F)c2F)nn(-c2ccc(F)cc2)c1CC[C@@H](O)C[C@@H](O)CC(=O)[O-].[Na+],nM,9.0
CC(C)c1c(C(=O)N(C)Cc2ccc(F)cc2F)nn(-c2ccc(F)cc2)c1CC[C@@H](O)C[C@@H](O)CC(=O)[O-].[Na+],nM,7.0
CC(C)c1c(C(=O)N(C)Cc2ccc(F)cc2)nn(-c2ccc(F)cc2)c1CC[C@@H](O)C[C@@H](O)CC(=O)[O-].[Na+],nM,6.6
CC(C)c1c(C(=O)N(C)Cc2cccc(F)c2)nn(-c2ccc(F)cc2)c1CC[C@@H](O)C[C@@H](O)CC(=O)[O-].[Na+],nM,3.9
CC(C)c1c(C(=O)N(C)Cc2ccccc2F)nn(-c2ccc(F)cc2)c1CC[C@@H](O)C[C@@H](O)CC(=O)[O-].[Na+],nM,4.8
COc1ccc(CN(C)C(=O)c2nn(-c3ccc(F)cc3)c(CC[C@@H](O)C[C@@H](O)CC(=O)[O-])c2C(C)C)cc1.[Na+],nM,12.0
Cc1ccc(CN(C)C(=O)c2nn(-c3ccc(F)cc3)c(CC[C@@H](O)C[C@@H](O)CC(=O)[O-])c2C(C)C)cc1.[Na+],nM,9.9
Cc1cccc(CN(C)C(=O)c2nn(-c3ccc(F)cc3)c(CC[C@@H](O)C[C@@H](O)CC(=O)[O-])c2C(C)C)c1.[Na+],nM,6.1
CC(C)c1c(C(=O)N(Cc2ccccc2)C(C)C)nn(-c2ccc(F)cc2)c1CC[C@@H](O)C[C@@H](O)CC(=O)[O-].[Na+],nM,9.8
CCN(Cc1ccccc1)C(=O)c1nn(-c2ccc(F)cc2)c(CC[C@@H](O)C[C@@H](O)CC(=O)[O-])c1C(C)C.[Na+],nM,3.8
CC(C)c1c(C(=O)N(C)Cc2ccccc2)nn(-c2ccc(F)cc2)c1CC[C@@H](O)C[C@@H](O)CC(=O)[O-].[Na+],nM,5.9
CC(C)c1c(C(=O)NCc2ccc(C(=O)N(C)C)cc2)nn(-c2ccc(F)cc2)c1CC[C@@H](O)C[C@@H](O)CC(=O)[O-].[Na+],nM,25.0
CC(C)c1c(C(=O)NCc2cccc(C#N)c2)nn(-c2ccc(F)cc2)c1CC[C@@H](O)C[C@@H](O)CC(=O)[O-].[Na+],nM,2.2
COCc1cccc(CNC(=O)c2nn(-c3ccc(F)cc3)c(CC[C@@H](O)C[C@@H](O)CC(=O)[O-])c2C(C)C)c1.[Na+],nM,7.0
Cc1ccc(CNC(=O)c2nn(-c3ccc(F)cc3)c(CC[C@@H](O)C[C@@H](O)CC(=O)[O-])c2C(C)C)cc1.[Na+],nM,1.9
CC(C)c1c(C(=O)NCc2ccc(F)cc2)nn(-c2ccc(F)cc2)c1CC[C@@H](O)C[C@@H](O)CC(=O)[O-].[Na+],nM,3.8
COc1ccc(CNC(=O)c2nn(-c3ccc(F)cc3)c(CC[C@@H](O)C[C@@H](O)CC(=O)[O-])c2C(C)C)cc1.[Na+],nM,2.8
CC(C)c1c(C(=O)NCc2ccccc2)nn(-c2ccc(F)cc2)c1CC[C@@H](O)C[C@@H](O)CC(=O)[O-].[Na+],nM,4.7
CC(C)c1c(CC[C@@H](O)C[C@@H](O)CC(=O)[O-])nn(-c2ccc(F)cc2)c1C(=O)NCc1ccccc1.[Na+],nM,520.0
CC(C)c1c(C(=O)Nc2ccccc2)c(-c2ccccc2)c(-c2ccc(F)cc2)n1CC[C@@H](O)C[C@@H](O)CC(=O)O,nM,12.0
CC(C)c1c(S(=O)(=O)N2CCOCC2)c(-c2ccccc2)c(-c2ccc(F)cc2)n1CC[C@@H](O)C[C@@H](O)CC(=O)[O-].[Na+],nM,4.5
CC(C)c1c(S(=O)(=O)Nc2ccccc2)c(-c2ccccc2)c(-c2ccc(F)cc2)n1CC[C@@H](O)C[C@@H](O)CC(=O)[O-].[Na+],nM,9.0
CC(C)c1c(S(=O)(=O)Nc2ccccc2)c(-c2ccc(F)cc2)c(-c2ccc(F)cc2)n1CC[C@@H](O)C[C@@H](O)CC(=O)[O-].[Na+],nM,2.0
CC(C)c1c(S(=O)(=O)Nc2ccc(F)cc2)c(-c2ccc(F)cc2)c(-c2ccc(F)cc2)n1CC[C@@H](O)C[C@@H](O)CC(=O)[O-].[Na+],nM,15.0
CC(C)c1c(S(=O)(=O)N(C)Cc2ccccc2)c(-c2ccccc2)c(-c2ccc(F)cc2)n1CC[C@@H](O)C[C@@H](O)CC(=O)[O-].[Na+],nM,8.5
CC(C)c1c(S(=O)(=O)N(C)Cc2ccccc2)c(-c2ccc(F)cc2)c(-c2ccc(F)cc2)n1CC[C@@H](O)C[C@@H](O)CC(=O)[O-].[Na+],nM,8.0
CC(C)c1c(S(=O)(=O)N2CCc3ccccc3C2)c(-c2ccc(F)cc2)c(-c2ccc(F)cc2)n1CC[C@@H](O)C[C@@H](O)CC(=O)[O-].[Na+],nM,8.4
CC(C)c1c(S(=O)(=O)Nc2ccc(C(N)=O)cc2)c(-c2ccc(F)cc2)c(-c2ccc(F)cc2)n1CC[C@@H](O)C[C@@H](O)CC(=O)[O-].[Na+],nM,5.8
CC(C)c1c(S(=O)(=O)Nc2ccc(S(N)(=O)=O)cc2)c(-c2ccc(F)cc2)c(-c2ccc(F)cc2)n1CC[C@@H](O)C[C@@H](O)CC(=O)[O-].[Na+],nM,4.9
CC(C)c1c(S(=O)(=O)N2CCSCC2)c(-c2ccc(F)cc2)c(-c2ccc(F)cc2)n1CC[C@@H](O)C[C@@H](O)CC(=O)[O-].[Na+],nM,9.7
CNS(=O)(=O)c1c(-c2ccc(F)cc2)c(-c2ccc(F)cc2)n(CC[C@@H](O)C[C@@H](O)CC(=O)[O-])c1C(C)C.[Na+],nM,27.0
CC(C)c1c(S(=O)(=O)N(C)C)c(-c2ccc(F)cc2)c(-c2ccc(F)cc2)n1CC[C@@H](O)C[C@@H](O)CC(=O)[O-].[Na+],nM,6.1
CC(C)c1c(S(=O)(=O)N2CCC2)c(-c2ccccc2)c(-c2ccc(F)cc2)n1CC[C@@H](O)C[C@@H](O)CC(=O)[O-].[Na+],nM,1.8
CC(C)c1c(S(=O)(=O)N(C)C)c(-c2ccccc2)c(-c2ccc(F)cc2)n1CC[C@@H](O)C[C@@H](O)CC(=O)[O-].[Na+],nM,6.5
CC(C)c1c(S(=O)(=O)N2CCN(C)CC2)c(-c2ccccc2)c(-c2ccc(F)cc2)n1CC[C@@H](O)C[C@@H](O)CC(=O)[O-].[Na+],nM,2.7
CC(C)c1c(S(=O)(=O)NCc2ccccc2)c(-c2ccc(F)cc2)c(-c2ccc(F)cc2)n1CC[C@@H](O)C[C@@H](O)CC(=O)[O-].[Na+],nM,13.0
CC(C)c1c(S(=O)(=O)Nc2cccc(O)c2)c(-c2ccc(F)cc2)c(-c2ccc(F)cc2)n1CC[C@@H](O)C[C@@H](O)CC(=O)[O-].[Na+],nM,9.4
CC(C)c1c(S(=O)(=O)Nc2cccc(CC(N)=O)c2)c(-c2ccc(F)cc2)c(-c2ccc(F)cc2)n1CC[C@@H](O)C[C@@H](O)CC(=O)[O-].[Na+],nM,1.0
CC(C)c1c(S(=O)(=O)Nc2cccc(C(N)=O)c2)c(-c2ccc(F)cc2)c(-c2ccc(F)cc2)n1CC[C@@H](O)C[C@@H](O)CC(=O)[O-].[Na+],nM,18.0
CC(C)c1c(S(=O)(=O)N2CCCC2)c(-c2ccccc2)c(-c2ccc(F)cc2)n1CC[C@@H](O)C[C@@H](O)CC(=O)[O-].[Na+],nM,2.6
CC(C)c1c(S(=O)(=O)N2CCCCC2)c(-c2ccccc2)c(-c2ccc(F)cc2)n1CC[C@@H](O)C[C@@H](O)CC(=O)[O-].[Na+],nM,2.9
CC(C)c1nc(Nc2nsc(-c3ccccc3)n2)nc(-c2ccc(F)cc2)c1/C=C/[C@@H](O)C[C@@H](O)CC(=O)[O-].[Na+],nM,6.9
CC(C)c1nc(N(C)c2ncnn2C)nc(-c2ccc(F)cc2)c1/C=C/[C@@H](O)C[C@@H](O)CC(=O)[O-].[Na+],nM,1.4
CC(C)c1nc(N(c2ncnn2C)S(C)(=O)=O)nc(-c2ccc(F)cc2)c1/C=C/[C@@H](O)C[C@@H](O)CC(=O)[O-].[Na+],nM,2.9
CC(C)c1nc(Nc2ncnn2C)nc(-c2ccc(F)cc2)c1/C=C/[C@@H](O)C[C@@H](O)CC(=O)[O-].[Na+],nM,3.0
CC(C)c1nc(Nc2cc(C(=O)[O-])nn2C)nc(-c2ccc(F)cc2)c1/C=C/[C@@H](O)C[C@@H](O)CC(=O)O.[Na+],nM,0.9
CC(C)c1nc(N(c2nnnn2C)S(C)(=O)=O)nc(-c2ccc(F)cc2)c1/C=C/[C@@H](O)C[C@@H](O)CC(=O)[O-].[Na+],nM,4.2
CC(C)c1nc(N(C)c2nnnn2C)nc(-c2ccc(F)cc2)c1/C=C/[C@@H](O)C[C@@H](O)CC(=O)[O-].[Na+],nM,0.5
CC(C)c1nc(Nc2nnnn2C)nc(-c2ccc(F)cc2)c1/C=C/[C@@H](O)C[C@@H](O)CC(=O)[O-].[Na+],nM,0.9
CC(C)c1nc(N(c2ccn(C)n2)S(C)(=O)=O)nc(-c2ccc(F)cc2)c1/C=C/[C@@H](O)C[C@@H](O)CC(=O)[O-].[Na+],nM,3.7
CC(C)c1nc(N(C)c2ccn(C)n2)nc(-c2ccc(F)cc2)c1/C=C/[C@@H](O)C[C@@H](O)CC(=O)[O-].[Na+],nM,2.5
CC(C)c1nc(Nc2ccn(C)n2)nc(-c2ccc(F)cc2)c1/C=C/[C@@H](O)C[C@@H](O)CC(=O)[O-].[Na+],nM,1.8
CC(C)c1nc(Nc2cc(C(C)(C)C)nn2C)nc(-c2ccc(F)cc2)c1/C=C/[C@@H](O)C[C@@H](O)CC(=O)[O-].[Na+],nM,12.4
CC(C)c1nc(N(c2ccnn2C)S(C)(=O)=O)nc(-c2ccc(F)cc2)c1/C=C/[C@@H](O)C[C@@H](O)CC(=O)[O-].[Na+],nM,2.2
CC(C)c1nc(N(C)c2ccnn2C)nc(-c2ccc(F)cc2)c1/C=C/[C@@H](O)C[C@@H](O)CC(=O)[O-].[Na+],nM,2.5
CC(C)c1nc(Nc2ccnn2C)nc(-c2ccc(F)cc2)c1/C=C/[C@@H](O)C[C@@H](O)CC(=O)[O-].[Na+],nM,2.4
CC(C)c1nc(N(c2ccon2)S(C)(=O)=O)nc(-c2ccc(F)cc2)c1/C=C/[C@@H](O)C[C@@H](O)CC(=O)[O-].[Na+],nM,33.0
CC(C)c1nc(N(C)c2ccon2)nc(-c2ccc(F)cc2)c1/C=C/[C@@H](O)C[C@@H](O)CC(=O)[O-].[Na+],nM,7.0
CC(C)c1nc(Nc2ccon2)nc(-c2ccc(F)cc2)c1/C=C/[C@@H](O)C[C@@H](O)CC(=O)[O-].[Na+],nM,2.3
CCC(CC)(c1ccc(F)cc1)c1ccc(/C=C/[C@@H](O)C[C@@H](O)CC(=O)[O-])c(C(C)C)c1.[Na+],nM,26000.0
CCC(CC)(c1cccc(F)c1)c1ccc(/C=C/[C@@H](O)C[C@@H](O)CC(=O)[O-])c(C(C)C)c1.[Na+],nM,92000.0
CCC(CC)(c1ccc(/C=C/[C@@H](O)C[C@@H](O)CC(=O)[O-])c(C(C)C)c1)c1ccccc1F.[Na+],nM,7400.0
CC(C)n1c(/C=C/C(O)CC(O)CC(=O)O)c(-c2ccc(F)cc2)c2ccccc21,nM,3.0
CCC(CC)(c1ccccc1)c1ccc(/C=C/[C@@H](O)C[C@@H](O)CC(=O)[O-])c(-c2ccccc2)c1.[Na+],nM,850.0
CCC(CC)(c1ccccc1)c1ccc(/C=C/[C@@H](O)C[C@@H](O)CC(=O)[O-])c(-c2ccccc2F)c1.[Na+],nM,820.0
CCC(CC)(c1ccccc1)c1ccc(/C=C/[C@@H](O)C[C@@H](O)CC(=O)[O-])c(-c2cccc(F)c2)c1.[Na+],nM,1200.0
CCC(CC)(c1ccccc1)c1ccc(/C=C/[C@@H](O)C[C@@H](O)CC(=O)[O-])c(-c2ccc(F)cc2)c1.[Na+],nM,150.0
CCC(CC)(c1ccccc1)c1ccc(/C=C/[C@@H](O)C[C@@H](O)CC(=O)[O-])c(C(C)C)c1.[Na+],nM,1800.0
Cc1c(C(=O)NCc2ccccc2)nc(-c2ccc(F)cc2)n1CC[C@@H](O)C[C@@H](O)CC(=O)[O-].[Na+],nM,94.0
CCc1c(C(=O)NCc2ccccc2)nc(-c2ccc(F)cc2)n1CC[C@@H](O)C[C@@H](O)CC(=O)[O-].[Na+],nM,123.0
CCCc1c(C(=O)NCc2ccccc2)nc(-c2ccc(F)cc2)n1CC[C@@H](O)C[C@@H](O)CC(=O)[O-].[Na+],nM,26.0
CC(C)c1c(C(=O)NCc2ccccc2)nc(-c2ccc(F)cc2)n1CC[C@@H](O)C[C@@H](O)CC(=O)[O-].[Na+],nM,7.9
O=C([O-])C[C@H](O)C[C@H](O)CCn1c(-c2ccc(F)cc2)nc(C(=O)NCc2ccccc2)c1C1CC1.[Na+],nM,1.4
Cc1ccc(CNC(=O)c2nc(-c3ccc(F)cc3)n(CC[C@@H](O)C[C@@H](O)CC(=O)[O-])c2C2CC2)cc1.[Na+],nM,1.7
Cc1cccc(CNC(=O)c2nc(-c3ccc(F)cc3)n(CC[C@@H](O)C[C@@H](O)CC(=O)[O-])c2C2CC2)c1.[Na+],nM,7.2
Cc1ccccc1CNC(=O)c1nc(-c2ccc(F)cc2)n(CC[C@@H](O)C[C@@H](O)CC(=O)[O-])c1C1CC1.[Na+],nM,4.9
COc1ccc(CNC(=O)c2nc(-c3ccc(F)cc3)n(CC[C@@H](O)C[C@@H](O)CC(=O)[O-])c2C2CC2)cc1.[Na+],nM,1.2
COc1cccc(CNC(=O)c2nc(-c3ccc(F)cc3)n(CC[C@@H](O)C[C@@H](O)CC(=O)[O-])c2C2CC2)c1.[Na+],nM,1.2
COc1ccccc1CNC(=O)c1nc(-c2ccc(F)cc2)n(CC[C@@H](O)C[C@@H](O)CC(=O)[O-])c1C1CC1.[Na+],nM,7.0
O=C([O-])C[C@H](O)C[C@H](O)CCn1c(-c2ccc(F)cc2)nc(C(=O)NCc2ccc(F)cc2)c1C1CC1.[Na+],nM,3.4
O=C([O-])C[C@H](O)C[C@H](O)CCn1c(-c2ccc(F)cc2)nc(C(=O)NCc2cccc(F)c2)c1C1CC1.[Na+],nM,1.2
O=C([O-])C[C@H](O)C[C@H](O)CCn1c(-c2ccc(F)cc2)nc(C(=O)NCc2ccccc2F)c1C1CC1.[Na+],nM,1.5
O=C([O-])C[C@H](O)C[C@H](O)CCn1c(-c2ccc(F)cc2)nc(C(=O)NCc2ccc(F)c(F)c2)c1C1CC1.[Na+],nM,1.2
O=C([O-])C[C@H](O)C[C@H](O)CCn1c(-c2ccc(F)cc2)nc(C(=O)NCc2ccc(F)cc2F)c1C1CC1.[Na+],nM,1.2
Cc1ccc(CNC(=O)c2nc(-c3ccc(F)cc3)n(CC[C@@H](O)C[C@@H](O)CC(=O)[O-])c2C2CC2)cc1F.[Na+],nM,4.1
COc1ccc(CNC(=O)c2nc(-c3ccc(F)cc3)n(CC[C@@H](O)C[C@@H](O)CC(=O)[O-])c2C2CC2)cc1F.[Na+],nM,3.7
NC(=O)c1ccc(CNC(=O)c2nc(-c3ccc(F)cc3)n(CC[C@@H](O)C[C@@H](O)CC(=O)[O-])c2C2CC2)cc1.[Na+],nM,7.2
CN(C)S(=O)(=O)c1ccc(CNC(=O)c2nc(-c3ccc(F)cc3)n(CC[C@@H](O)C[C@@H](O)CC(=O)[O-])c2C2CC2)cc1.[Na+],nM,4.9
CC(CCc1ccc(-c2ccccc2)cc1)CC(=O)O,nM,2000.0
CC(CC(=O)O)CC(=O)c1ccc(-c2ccccc2)cc1,nM,70000.0
CC(CC(=O)O)CC(=O)c1ccc(Oc2ccccc2)cc1,nM,290000.0
CC(CC(=O)O)CC(=O)c1ccc(Sc2ccccc2)cc1,nM,240000.0
CC(CC(=O)O)CC(=O)c1ccc2oc3ccccc3c2c1,nM,110000.0
CC(CC(=O)O)CC(=O)c1ccc2sc3ccccc3c2c1,nM,160000.0
CC(CC(=O)O)CC(=O)c1ccc2c(c1)-c1ccccc1CC2,nM,30000.0
CC(CCc1ccc(Oc2ccccc2)cc1)CC(=O)O,nM,20000.0
CC(CCc1ccc(Sc2ccccc2)cc1)CC(=O)O,nM,20000.0
CC(CCc1ccc(S(=O)(=O)c2ccccc2)cc1)CC(=O)O,nM,40000.0
CC(CCc1ccc2oc3ccccc3c2c1)CC(=O)O,nM,360000.0
CC(CCc1ccc2sc3ccccc3c2c1)CC(=O)O,nM,70000.0
CC(CCc1ccc2c(c1)-c1ccccc1S2(=O)=O)CC(=O)O,nM,30000.0
CC(CCc1ccc2c(c1)-c1ccccc1CC2)CC(=O)O,nM,10000.0
CC(C)(Oc1ccc(Cl)cc1)C(=O)[O-].[Na+],nM,440000.0
O=C(O)C[C@H](O)C[C@H](O)/C=C/c1c(C2CC2)nc2ccccc2c1-c1ccc(F)cc1,nM,4.1
CC(C)c1nc2ccccc2c(-c2ccc(F)cc2)c1/C=C/[C@@H](O)C[C@@H](O)CC(=O)O,nM,19.0
COC1C[C@H](OC(=O)c2cccnc2)C[C@@H](/C=C/c2c(-c3ccc(F)cc3)nc(N(C)S(C)(=O)=O)nc2C(C)C)O1,nM,1.0
CCCOC1C[C@H](OC(=O)c2cccnc2)C[C@@H](/C=C/c2c(-c3ccc(F)cc3)nc(N(C)S(C)(=O)=O)nc2C(C)C)O1,nM,8.0
CC(C)OC1C[C@H](OCc2ccccc2)C[C@@H](/C=C/c2c(-c3ccc(F)cc3)nc(N(C)S(C)(=O)=O)nc2C(C)C)O1,nM,1.0
CC(C)c1nc(N(C)S(C)(=O)=O)nc(-c2ccc(F)cc2)c1/C=C/[C@H]1C[C@H](OCc2ccccc2)CC(OC(C)(C)C)O1,nM,4.0
C=CCOC1C[C@@H](OCc2ccccc2)C[C@H](/C=C/c2c(-c3ccc(F)cc3)nc(N(C)S(C)(=O)=O)nc2C(C)C)O1,nM,3.0
CC(C)c1nc(N(C)S(C)(=O)=O)nc(-c2ccc(F)cc2)c1/C=C/[C@H]1C[C@H](OCc2ccccc2)CC(OCC(Cl)(Cl)Cl)O1,nM,2.0
CC(C)c1nc(N(C)S(C)(=O)=O)nc(-c2ccc(F)cc2)c1/C=C/[C@@H]1C[C@@H](O)CC(Oc2c(F)cc(F)cc2F)O1,nM,1.0
COc1ccc(OC2C[C@H](O)C[C@@H](/C=C/c3c(-c4ccc(F)cc4)nc(N(C)S(C)(=O)=O)nc3C(C)C)O2)c(OC)c1,nM,2.0
CC(C)c1nc(N(C)S(C)(=O)=O)nc(-c2ccc(F)cc2)c1/C=C/[C@@H]1C[C@@H](O)CC(OCC(Cl)(Cl)Cl)O1,nM,2.0
CCCOC1C[C@H](O)C[C@@H](/C=C/c2c(-c3ccc(F)cc3)nc(N(C)S(C)(=O)=O)nc2C(C)C)O1,nM,10.0
COC1C[C@H](OC(=O)c2cccnc2)C[C@@H](CCn2c(-c3ccc(F)cc3)c(-c3ccccc3)c(C(=O)Nc3ccccc3)c2C(C)C)O1,nM,1.0
CCCOC1C[C@H](O)C[C@@H](CCn2c(-c3ccc(F)cc3)c(-c3ccccc3)c(C(=O)Nc3ccccc3)c2C(C)C)O1,nM,1.0
CC(C)c1c(C(=O)Nc2ccccc2)c(-c2ccccc2)c(-c2ccc(F)cc2)n1CC[C@@H]1C[C@@H](O)CC(OC2CCCCC2)O1,nM,1.0
CC(C)OC1C[C@H](OCc2ccccc2)C[C@@H](CCn2c(-c3ccc(F)cc3)c(-c3ccccc3)c(C(=O)Nc3ccccc3)c2C(C)C)O1,nM,4.0
CC(C)c1c(C(=O)Nc2ccccc2)c(-c2ccccc2)c(-c2ccc(F)cc2)n1CC[C@@H]1C[C@@H](OCc2ccccc2)CC(OC(C)(C)C)O1,nM,3.0
C=CCOC1C[C@H](OCc2ccccc2)C[C@@H](CCn2c(-c3ccc(F)cc3)c(-c3ccccc3)c(C(=O)Nc3ccccc3)c2C(C)C)O1,nM,1.0
COc1ccc(OC2C[C@H](O)C[C@@H](CCn3c(-c4ccc(F)cc4)c(-c4ccccc4)c(C(=O)Nc4ccccc4)c3C(C)C)O2)c(OC)c1,nM,1.0
